,straddle_short_pts,strangle_short_pts,vertical_short_pts
2020-01-03,-0.49990272521972656,2.400097668170929,-2.9000000953674316
2020-01-06,-2.9300293922424316,0.3699706941843033,-3.30000002682209
2020-01-08,-8.249951124191284,-10.424951195716858,2.1750000417232513
2020-01-10,0.20009756088256836,2.450000047683716,-2.249902307987213
2020-01-13,-4.5048828125,-1.904882788658142,-2.599999964237213
2020-01-15,-0.21503925323486328,-1.6650390625,1.449999988079071
2020-01-17,-0.7201170921325684,-2.295117139816284,1.574999988079071
2020-01-21,-1.0849609375,1.550000011920929,-2.6349608302116394
2020-01-22,3.0749998092651367,2.3000000417232513,0.7749999463558197
2020-01-24,6.080029487609863,3.924999952316284,2.155029535293579
2020-01-27,0.5298824310302734,-1.670117199420929,2.199999988079071
2020-01-29,0.3499021530151367,-2.400097608566284,2.7499998807907104
2020-01-31,4.879980087280273,7.329980492591858,-2.4499999284744263
2020-02-03,-1.0300779342651367,-3.305078148841858,2.275000035762787
2020-02-05,3.7399415969848633,2.800000011920929,0.9399413466453552
2020-02-07,2.6599607467651367,2.975000023841858,-0.3150389790534973
2020-02-10,-2.7650880813598633,-0.2400878369808197,-2.5250000655651093
2020-02-12,-0.29995107650756836,1.574999988079071,-1.8749511241912842
2020-02-14,-5.384912014007568,-2.834912121295929,-2.5499998927116394
2020-02-18,3.9599609375,1.725000023841858,2.2349610328674316
2020-02-19,-0.7500977516174316,1.6749999672174454,-2.4250976592302322
2020-02-21,-0.04999971389770508,2.200000047683716,-2.2499998807907104
2020-02-24,-3.3101072311401367,-6.110107421875,2.799999952316284
2020-02-26,5.389892578125,7.939892530441284,-2.549999713897705
2020-02-28,-34.51996994018555,-36.86997032165527,2.3499999046325684
2020-03-02,-38.47998046875,-40.57998061180115,2.1000001430511475
2020-03-04,-5.270116806030273,-2.6201171875,-2.6499998569488525
2020-03-06,-28.970117568969727,-26.420116901397705,-2.5500001907348633
2020-03-09,2.9600601196289062,0.5100584030151367,2.450000762939453
2020-03-11,16.270118713378906,18.670116901397705,-2.3999991416931152
2020-03-13,-80.02001953125,-78.37001895904541,-1.6500015258789062
2020-03-16,-25.720115661621094,-28.27011775970459,2.5500011444091797
2020-03-18,-35.15009689331055,-30.500097274780273,-4.649999618530273
2020-03-20,-2.0300750732421875,0.5699214935302734,-2.59999942779541
2020-03-23,8.650096893310547,3.75009822845459,4.899999618530273
2020-03-25,-39.88994216918945,-37.389941692352295,-2.5
2020-03-27,-34.08002853393555,-36.530029296875,2.450000286102295
2020-03-30,6.300098419189453,3.850097179412842,2.450000286102295
2020-03-31,12.859912872314453,15.609911918640137,-2.75
2020-04-01,7.450000762939453,5.299999952316284,2.15000057220459
2020-04-03,10.550098419189453,13.050097465515137,-2.5
2020-04-06,-9.679931640625,-12.029931783676147,2.3499996662139893
2020-04-08,12.120018005371094,14.800000190734863,-2.679980754852295
2020-04-09,21.620067596435547,19.5,2.120068073272705
2020-04-13,7.170116424560547,9.770117044448853,-2.5999999046325684
2020-04-15,12.060108184814453,9.560107231140137,2.500000238418579
2020-04-17,-6.460058212280273,-9.110058546066284,2.6499998569488525
2020-04-20,7.559911727905273,5.2599122524261475,2.3000001907348633
2020-04-22,5.610058784484863,3.2600585222244263,2.350000262260437
2020-04-24,8.410009384155273,8.049999952316284,0.36000990867614746
2020-04-27,6.22998046875,3.929980516433716,2.2999998331069946
2020-04-29,-6.439990997314453,-3.5649901628494263,-2.875000238418579
2020-04-30,10.020069122314453,9.950000047683716,0.070068359375
2020-05-01,6.559961318969727,8.449999928474426,-1.890039086341858
2020-05-04,6.260009765625,3.960009813308716,2.3000000715255737
2020-05-06,-7.380078315734863,-10.005078077316284,2.624999761581421
2020-05-08,3.949951171875,1.8749511241912842,2.0749998092651367
2020-05-11,-3.2600584030151367,-0.4350585341453552,-2.8250001072883606
2020-05-13,-8.300000190734863,-5.849999785423279,-2.4500001668930054
2020-05-15,1.9500484466552734,4.400048732757568,-2.4499998092651367
2020-05-18,1.2599120140075684,-0.7400878667831421,2.0
2020-05-20,4.435107707977295,5.4999998807907104,-1.064892292022705
2020-05-22,-2.824951171875,-0.12495124340057373,-2.6999999284744263
2020-05-26,-11.654980659484863,-8.879980504512787,-2.7750001549720764
2020-05-27,-8.979883193969727,-6.404882788658142,-2.575000047683716
2020-05-29,1.1399412155151367,3.5399413108825684,-2.4000000953674316
2020-06-01,2.5799808502197266,4.824999928474426,-2.2450194358825684
2020-06-03,4.395117282867432,2.1451172828674316,2.25
2020-06-05,2.5799312591552734,0.6049317121505737,1.975000023841858
2020-06-08,-5.839892387390137,-8.064892590045929,2.2250000834465027
2020-06-10,-11.860107421875,-9.360107421875,-2.5
2020-06-12,-7.81005859375,-10.210058450698853,2.3999998569488525
2020-06-15,0.7099123001098633,3.2599117755889893,-2.549999713897705
2020-06-17,9.739990234375,7.3399903774261475,2.3999998569488525
2020-06-19,-0.8100099563598633,2.339990258216858,-3.149999976158142
2020-06-22,-1.9101076126098633,0.33989250659942627,-2.2499998807907104
2020-06-24,8.030077934265137,5.380078077316284,2.6499998569488525
2020-06-26,7.800048828125,10.400048971176147,-2.6000001430511475
2020-06-29,-4.839990615844727,-6.964990258216858,2.125000238418579
2020-06-30,-4.740038871765137,-2.240039110183716,-2.499999761581421
2020-07-01,-1.4398927688598633,1.7101073861122131,-3.1499999165534973
2020-07-02,-1.614990234375,-4.314990401268005,2.7000001668930054
2020-07-06,-2.044970989227295,0.530029296875,-2.575000286102295
2020-07-08,2.7100586891174316,5.499999940395355,-2.789941370487213
2020-07-10,2.7599611282348633,5.0849608182907104,-2.3249998092651367
2020-07-13,-15.330028533935547,-12.230029225349426,-3.099999785423279
2020-07-15,7.889942169189453,5.9399412870407104,1.9500001668930054
2020-07-17,1.7549805641174316,-0.49501949548721313,2.2500000596046448
2020-07-20,3.2900876998901367,4.174999952316284,-0.8849122524261475
2020-07-22,0.2799806594848633,-1.9200196266174316,2.1999999284744263
2020-07-24,4.170117378234863,2.0701171159744263,2.100000023841858
2020-07-27,4.559911727905273,3.3999999165534973,1.1599120497703552
2020-07-29,5.489941596984863,5.199999988079071,0.28994137048721313
2020-07-31,-9.045117378234863,-11.270117282867432,2.2249999046325684
2020-08-03,5.785107612609863,3.460107445716858,2.3249999284744263
2020-08-05,2.3049802780151367,0.529980480670929,1.7750000357627869
2020-08-07,-3.4800291061401367,-5.380029320716858,1.9000002145767212
2020-08-10,5.180029392242432,3.2050291895866394,1.9750000834465027
2020-08-12,2.2000975608825684,-0.22490233182907104,2.425000011920929
2020-08-14,-0.6500978469848633,2.1499024033546448,-2.8000001311302185
2020-08-17,1.6899900436401367,2.625,-0.9350096583366394
2020-08-19,1.3750977516174316,-1.1499024033546448,2.5250001549720764
2020-08-21,2.534912109375,3.300000011920929,-0.765087902545929
2020-08-24,-6.905029296875,-4.280029267072678,-2.625000089406967
2020-08-26,4.97998046875,4.674999892711639,0.30498045682907104
2020-08-28,3.3149900436401367,3.9000000953674316,-0.5850098133087158
2020-08-31,2.5100584030151367,0.1350587010383606,2.3750000596046448
2020-09-02,6.634912014007568,4.459912061691284,2.174999952316284
2020-09-04,-9.5400390625,-11.740039110183716,2.1999998092651367
2020-09-08,-3.609912872314453,-5.859912395477295,2.25
2020-09-09,-11.640039443969727,-14.490039110183716,2.8499999046325684
2020-09-11,8.019969940185547,5.369970321655273,2.6500000953674316
2020-09-14,4.7099609375,5.599999904632568,-0.8900388479232788
2020-09-16,1.8899898529052734,-0.26000964641571045,2.150000214576721
2020-09-18,4.019969940185547,6.869970679283142,-2.850000262260437
2020-09-21,-10.06005859375,-7.510058641433716,-2.5500001907348633
2020-09-23,-1.8800783157348633,0.6699216365814209,-2.549999952316284
2020-09-25,2.6099605560302734,5.559960961341858,-2.9499999284744263
2020-09-28,4.825098037719727,2.2000975608825684,2.625
2020-09-30,5.350000381469727,2.8500001430511475,2.500000238418579
2020-10-02,-0.330078125,-2.7800780534744263,2.4500001668930054
2020-10-05,5.450097560882568,4.849999964237213,0.6000975966453552
2020-10-07,1.2399415969848633,4.214941382408142,-2.9749999046325684
2020-10-09,3.3398923873901367,4.0,-0.6601073741912842
2020-10-12,-4.955029487609863,-1.9550292491912842,-3.0
2020-10-14,1.1199216842651367,-1.180078148841858,2.2999998331069946
2020-10-16,-4.239941596984863,-6.864941358566284,2.6249998807907104
2020-10-19,7.219922065734863,8.0,-0.7800779342651367
2020-10-21,-10.239941596984863,-7.339941501617432,-2.9000000953674316
2020-10-23,1.4601078033447266,-0.3648926615715027,1.8250001072883606
2020-10-26,-0.8699703216552734,1.630029320716858,-2.5000001192092896
2020-10-28,-10.369970321655273,-12.869970798492432,2.5
2020-10-30,-10.259961128234863,-7.709961175918579,-2.549999952316284
2020-11-02,6.210009574890137,8.760009765625,-2.5500001907348633
2020-11-04,12.389942169189453,9.889941453933716,2.500000238418579
2020-11-06,4.460058212280273,6.424999833106995,-1.9649415016174316
2020-11-09,-27.100000381469727,-24.40000009536743,-2.700000047683716
2020-11-11,-3.8099117279052734,-1.059912085533142,-2.7499998807907104
2020-11-13,2.5250978469848633,5.125097632408142,-2.5999999046325684
2020-11-16,-4.359911918640137,-6.384912014007568,2.0250000953674316
2020-11-18,-19.509961128234863,-16.55996084213257,-2.9500001668930054
2020-11-20,1.7400388717651367,4.640039086341858,-2.900000214576721
2020-11-23,4.590087890625,2.465087890625,2.125
2020-11-25,0.5499024391174316,3.349902331829071,-2.799999952316284
2020-11-30,2.7201175689697266,0.8701173067092896,1.8499997854232788
2020-12-02,2.1899900436401367,4.125,-1.9350097179412842
2020-12-04,-3.4201173782348633,-0.4451172947883606,-2.974999964237213
2020-12-07,2.9400391578674316,0.965039074420929,1.9750000834465027
2020-12-09,-4.520068168640137,-1.845068335533142,-2.6750001907348633
2020-12-11,3.2150392532348633,4.225000023841858,-1.0099607706069946
2020-12-14,-10.210009574890137,-7.6100099086761475,-2.600000023841858
2020-12-16,-1.6050782203674316,1.144921898841858,-2.7500001192092896
2020-12-18,-3.459911346435547,-5.709912300109863,2.250000238418579
2020-12-21,8.669921875,6.5,2.1699217557907104
2020-12-23,-9.389990329742432,-6.714990198612213,-2.6750001311302185
2020-12-28,4.664892673492432,2.8499999940395355,1.8148926794528961
2020-12-30,2.9849610328674316,2.2249999344348907,0.7599609196186066
2020-12-31,-2.5950679779052734,-0.3950684070587158,-2.1999998092651367
2021-01-04,-0.29990196228027344,2.525097608566284,-2.825000047683716
2021-01-06,5.389892578125,2.739892601966858,2.649999976158142
2021-01-08,-1.6299314498901367,0.6950684785842896,-2.325000047683716
2021-01-11,4.239892959594727,6.575000047683716,-2.3351073265075684
2021-01-13,6.940087795257568,5.400000035762787,1.540087878704071
2021-01-15,2.6499996185302734,0.0,2.649999976158142
2021-01-19,4.884912014007568,2.659912109375,2.2249999046325684
2021-01-20,2.3250980377197266,0.27509763836860657,2.0500000417232513
2021-01-22,-3.7050294876098633,-5.63002935051918,1.9250001013278961
2021-01-25,-7.485107421875,-5.2351073026657104,-2.2499998807907104
2021-01-27,10.97998046875,13.629980325698853,-2.6500000953674316
2021-01-29,0.489990234375,-2.1100096702575684,2.6000001430511475
2021-02-01,7.410107612609863,4.685107350349426,2.7250001430511475
2021-02-03,2.4449219703674316,0.019921839237213135,2.4250001311302185
2021-02-05,-0.005078315734863281,2.419921875,-2.4250001907348633
2021-02-08,-5.965087890625,-2.940087914466858,-3.0250000953674316
2021-02-10,2.1548824310302734,5.179882764816284,-3.0250000953674316
2021-02-12,-4.030077934265137,-6.355078160762787,2.32500022649765
2021-02-16,4.140088081359863,2.065087854862213,2.0750001072883606
2021-02-17,4.019921779632568,2.269921839237213,1.7499999403953552
2021-02-19,-1.7650389671325684,1.109960913658142,-2.8749998807907104
2021-02-22,-1.0,2.100000023841858,-3.1000001430511475
2021-02-24,6.020068168640137,4.249999940395355,1.770068347454071
2021-02-26,-2.95009708404541,-5.35009765625,2.4000003337860107
2021-03-01,-0.8299317359924316,2.370068311691284,-3.2000001668930054
2021-03-03,-1.4800300598144531,-3.9800291061401367,2.499999761581421
2021-03-05,5.910058975219727,8.360058546066284,-2.450000047683716
2021-03-08,-1.14990234375,-3.4999022483825684,2.3499999046325684
2021-03-10,2.860057830810547,5.985058665275574,-3.1250001192092896
2021-03-12,-0.8650879859924316,1.559912085533142,-2.4250001907348633
2021-03-15,-13.93994140625,-10.764941424131393,-3.175000101327896
2021-03-17,9.020116806030273,7.850000023841858,1.1701170206069946
2021-03-19,-2.449901580810547,0.10009765625,-2.5499998331069946
2021-03-22,1.7650880813598633,-0.48491209745407104,2.2499999403953552
2021-03-24,-12.260107040405273,-9.460107326507568,-2.8000000715255737
2021-03-26,-22.26503896713257,-24.2900390625,2.0250000953674316
2021-03-29,-0.10991191864013672,-2.284912109375,2.1750001907348633
2021-03-31,-2.8101072311401367,-5.110107421875,2.3000000715255737
2021-04-01,-3.5201168060302734,-0.4701172709465027,-3.0499998927116394
2021-04-05,3.8650879859924316,1.940087914466858,1.9250000715255737
2021-04-07,1.1000490188598633,-0.8249512314796448,1.9250001311302185
2021-04-09,-1.8248043060302734,-4.024804592132568,2.2000001668930054
2021-04-12,3.259765625,1.0097655653953552,2.2500001788139343
2021-04-14,2.8101558685302734,0.2601562738418579,2.5499998331069946
2021-04-16,6.379785060882568,4.175000071525574,2.204785108566284
2021-04-19,-0.9597654342651367,1.7652342915534973,-2.7250000834465027
2021-04-21,-2.9449219703674316,-4.969921886920929,2.0249999165534973
2021-04-23,-3.8800783157348633,-0.6800780892372131,-3.199999988079071
2021-04-26,3.2048826217651367,3.9749999344348907,-0.7701171934604645
2021-04-28,0.3551759719848633,-2.019824266433716,2.375
2021-04-30,4.169921875,1.769921898841858,2.3999998569488525
2021-05-03,3.6351566314697266,0.960156261920929,2.6750001907348633
2021-05-05,5.789844512939453,5.975000023841858,-0.18515610694885254
2021-05-07,4.425097465515137,2.200097620487213,2.224999964237213
2021-05-10,-8.969824314117432,-5.919824123382568,-3.0500000715255737
2021-05-12,11.090039253234863,8.590039253234863,2.5
2021-05-14,1.9500980377197266,5.000097632408142,-3.0500000715255737
2021-05-17,4.134961128234863,1.9599609375,2.174999952316284
2021-05-19,-0.93017578125,1.6698243618011475,-2.6000001430511475
2021-05-21,-1.5651369094848633,-3.990136742591858,2.4250000715255737
2021-05-24,-2.4751954078674316,-4.725195348262787,2.2499999403953552
2021-05-26,4.434765815734863,3.324999988079071,1.1097657084465027
2021-05-28,-0.9651365280151367,-3.540136754512787,2.574999988079071
2021-06-01,1.7400388717651367,2.9499999284744263,-1.2099609971046448
2021-06-02,1.2798829078674316,-0.8451172113418579,2.1249999403953552
2021-06-04,4.040136814117432,2.324999988079071,1.7151368260383606
2021-06-07,2.8049802780151367,2.1999999582767487,0.6049803793430328
2021-06-09,-0.30019521713256836,2.4248046875,-2.7249999046325684
2021-06-11,-3.639941453933716,-5.1649414002895355,1.5250000059604645
2021-06-14,-11.549902439117432,-8.049902334809303,-3.499999985098839
2021-06-16,3.8001956939697266,1.2001951932907104,2.600000262260437
2021-06-18,-4.449804306030273,-6.724804759025574,2.2750000953674316
2021-06-21,1.2099609375,3.275000035762787,-2.065039098262787
2021-06-23,-8.41015625,-5.710156291723251,-2.700000077486038
2021-06-25,4.774804592132568,3.150000035762787,1.6248045563697815
2021-06-28,3.5901365280151367,1.290136694908142,2.300000011920929
2021-06-30,3.5749998092651367,3.7500000596046448,-0.17500001192092896
2021-07-02,1.7101564407348633,2.2750000059604645,-0.5648438036441803
2021-07-06,1.7349610328674316,2.475000023841858,-0.740039050579071
2021-07-07,2.079882860183716,2.475000023841858,-0.3951171040534973
2021-07-09,4.149804592132568,2.925000011920929,1.224804699420929
2021-07-12,3.4798827171325684,1.8798828125,1.5999999046325684
2021-07-14,4.1748046875,1.9998047053813934,2.1749999821186066
2021-07-16,4.91015625,2.5851563215255737,2.3249998092651367
2021-07-19,-13.340234756469727,-10.790234327316284,-2.549999952316284
2021-07-21,1.1100587844848633,-0.739941418170929,1.8500000834465027
2021-07-23,3.3599610328674316,1.4599609375,1.9000000357627869
2021-07-26,2.4501953125,2.6500000059604645,-0.1998046338558197
2021-07-28,-2.7598633766174316,-0.00986325740814209,-2.7500001192092896
2021-07-30,7.190234184265137,5.224999904632568,1.965234398841858
2021-08-02,-2.5148439407348633,0.31015628576278687,-2.825000047683716
2021-08-04,-2.96484375,0.13515624403953552,-3.1000000536441803
2021-08-06,2.85498046875,2.474999964237213,0.37998056411743164
2021-08-09,1.2500977516174316,2.0749999582767487,-0.8249023854732513
2021-08-11,-3.83984375,-1.164843738079071,-2.675000101327896
2021-08-13,0.3000001907348633,-1.1749999523162842,1.4750000834465027
2021-08-16,-0.8099608421325684,-2.409960985183716,1.5999999642372131
2021-08-18,-17.279980659484863,-14.379980444908142,-2.900000214576721
2021-08-20,3.9050779342651367,3.324999988079071,0.5800781846046448
2021-08-23,-1.3952150344848633,-3.295214831829071,1.9000000953674316
2021-08-25,2.68505859375,1.449999988079071,1.2350585460662842
2021-08-27,2.9951171875,1.3701172024011612,1.6250000447034836
2021-08-30,-2.8599610328674316,0.5150391012430191,-3.3749999552965164
2021-08-31,1.94482421875,0.16982418298721313,1.7749999165534973
2021-09-01,-1.91015625,0.8648437559604645,-2.7750000953674316
2021-09-03,-0.5198240280151367,1.925000011920929,-2.4448242783546448
2021-09-07,-0.7702150344848633,2.25,-3.020214796066284
2021-09-08,1.2051758766174316,2.6250000596046448,-1.4198243021965027
2021-09-10,-9.219921588897705,-6.319921970367432,-2.899999737739563
2021-09-13,3.77001953125,1.8200196027755737,1.9500001668930054
2021-09-15,4.6748046875,2.899999976158142,1.7748047709465027
2021-09-17,6.259765625,6.850000023841858,-0.5902342796325684
2021-09-20,-21.47998046875,-18.62998056411743,-2.8499999046325684
2021-09-22,1.89013671875,-0.7598632574081421,2.649999976158142
2021-09-24,6.545019149780273,4.4999998807907104,2.0450193881988525
2021-09-27,-1.9151368141174316,1.2598631978034973,-3.175000011920929
2021-09-29,-11.690038681030273,-9.0400390625,-2.649999976158142
2021-09-30,-19.2099609375,-16.509960889816284,-2.700000047683716
2021-10-01,1.9900388717651367,4.940039038658142,-2.9500001668930054
2021-10-04,1.4400386810302734,4.090039014816284,-2.6500000953674316
2021-10-06,1.4001951217651367,-0.7998046875,2.1999998092651367
2021-10-08,-0.7351565361022949,-3.310156226158142,2.5749998092651367
2021-10-11,-5.535058975219727,-2.760058641433716,-2.7749998569488525
2021-10-13,4.500195503234863,2.300195336341858,2.2000001668930054
2021-10-15,4.779882907867432,3.7500000596046448,1.0298829674720764
2021-10-18,3.4400386810302734,1.6150391101837158,1.8249999284744263
2021-10-20,3.5100584030151367,1.585058569908142,1.9249998927116394
2021-10-22,5.874902248382568,3.775000035762787,2.0999022126197815
2021-10-25,3.39501953125,2.099999964237213,1.2950196266174316
2021-10-27,-6.044824123382568,-8.594824194908142,2.5500000715255737
2021-10-29,-8.429883003234863,-6.0048828125,-2.4250001907348633
2021-11-01,-3.419921875,-0.7199218273162842,-2.699999988079071
2021-11-03,0.33017587661743164,-1.294824242591858,1.625
2021-11-05,4.47021484375,2.745214819908142,1.7249999046325684
2021-11-08,1.5001955032348633,2.5500000715255737,-1.0498046278953552
2021-11-10,5.059961318969727,6.175000071525574,-1.1150391101837158
2021-11-12,3.9250974655151367,3.775000035762787,0.15009766817092896
2021-11-15,2.7998046875,3.2249999940395355,-0.42519518733024597
2021-11-17,-1.4050779342651367,1.419921875,-2.824999988079071
2021-11-19,4.2099609375,2.109960973262787,2.1000000834465027
2021-11-22,-31.46005868911743,-33.78505861759186,2.3249998688697815
2021-11-24,4.840039253234863,4.0,0.8400390148162842
2021-11-29,-2.0299806594848633,-4.154980480670929,2.1250000596046448
2021-11-30,10.299999237060547,7.900000095367432,2.3999998569488525
2021-12-01,-12.259960174560547,-9.109961032867432,-3.1500000953674316
2021-12-03,-5.080177307128906,-2.5301761627197266,-2.5500001907348633
2021-12-06,7.719922065734863,9.100000023841858,-1.3800779581069946
2021-12-08,4.6650390625,2.8900391459465027,1.7749999165534973
2021-12-10,-5.070019721984863,-6.895019590854645,1.824999988079071
2021-12-13,-8.02978515625,-5.15478515625,-2.8750001192092896
2021-12-15,2.4999027252197266,0.3499023914337158,2.1499998569488525
2021-12-17,2.39013671875,-0.15986323356628418,2.5500004291534424
2021-12-20,9.97998046875,7.529980421066284,2.450000286102295
2021-12-22,-4.985058784484863,-7.085058629512787,2.1000000834465027
2021-12-23,-2.5349607467651367,0.26503902673721313,-2.800000011920929
2021-12-27,-4.739941596984863,-2.289941370487213,-2.45000022649765
2021-12-29,-1.0899415016174316,1.760058581829071,-2.849999964237213
2021-12-31,-8.81982421875,-6.119824290275574,-2.6999999284744263
2022-01-03,0.5399413108825684,2.964941382408142,-2.424999952316284
2022-01-05,-7.819921493530273,-10.119922041893005,2.2999998331069946
2022-01-07,0.9797849655151367,-1.5452147722244263,2.5250000953674316
2022-01-10,-13.240039825439453,-15.590039014816284,2.3499999046325684
2022-01-12,3.0499019622802734,5.39990234375,-2.3499999046325684
2022-01-14,-9.72747802734375e-05,2.39990234375,-2.4000000953674316
2022-01-18,5.959863662719727,3.7098631858825684,2.250000238418579
2022-01-19,-15.140233993530273,-17.540234327316284,2.3999998569488525
2022-01-21,17.18994140625,17.00000023841858,0.1899411678314209
2022-01-24,-37.029884338378906,-34.47988271713257,-2.5500001907348633
2022-01-26,21.969825744628906,19.66982412338257,2.3000001907348633
2022-01-28,-26.950096130371094,-24.400097846984863,-2.549999713897705
2022-01-31,-13.199806213378906,-10.549804449081421,-2.6500003337860107
2022-02-02,7.970117568969727,9.800000190734863,-1.8298828601837158
2022-02-04,-13.370214462280273,-15.820214748382568,2.450000286102295
2022-02-07,-8.679882049560547,-5.9798829555511475,-2.6999998092651367
2022-02-09,4.669824600219727,7.169824123382568,-2.5
2022-02-11,19.14013671875,21.89013671875,-2.75
2022-02-14,12.480077743530273,15.080077886581421,-2.6000001430511475
2022-02-16,1.8597660064697266,4.609765529632568,-2.750000238418579
2022-02-18,17.570117950439453,15.070116996765137,2.499999523162842
2022-02-22,-2.3902339935302734,-4.790234565734863,2.40000057220459
2022-02-23,-2.450000762939453,0.20000004768371582,-2.6499998569488525
2022-02-25,6.000097274780273,3.650097608566284,2.3499996662139893
2022-02-28,-8.889942169189453,-11.239941120147705,2.3499999046325684
2022-03-02,7.090038299560547,9.890039205551147,-2.8000004291534424
2022-03-04,1.3298835754394531,-0.9201173782348633,2.250000476837158
2022-03-07,-0.8101558685302734,-3.3601560592651367,2.5500001907348633
2022-03-09,-2.5201168060302734,0.07988286018371582,-2.5999999046325684
2022-03-11,-7.43994140625,-4.639941453933716,-2.799999952316284
2022-03-14,13.709863662719727,11.309863090515137,2.4000000953674316
2022-03-16,-9.409863471984863,-11.759863376617432,2.3499999046325684
2022-03-18,5.179883003234863,7.429882764816284,-2.249999761581421
2022-03-21,-0.3801765441894531,2.169824242591858,-2.5500000715255737
2022-03-23,-7.109766006469727,-4.209765672683716,-2.9000000953674316
2022-03-25,-15.81005859375,-13.360058546066284,-2.450000047683716
2022-03-28,-7.220019340515137,-4.695019483566284,-2.5249998569488525
2022-03-30,0.7998046875,-1.5501954555511475,2.3500001430511475
2022-03-31,-22.639842987060547,-25.18984365463257,2.549999952316284
2022-04-01,-7.659863471984863,-5.209863185882568,-2.450000286102295
2022-04-04,1.0598630905151367,3.709863305091858,-2.650000214576721
2022-04-06,4.25009822845459,6.800097703933716,-2.549999713897705
2022-04-08,-5.870214462280273,-3.170214891433716,-2.6999998092651367
2022-04-11,-1.97021484375,0.77978515625,-2.75
2022-04-13,6.08984375,7.2500001192092896,-1.160156488418579
2022-04-14,-1.0101566314697266,-3.2101560831069946,2.1999999284744263
2022-04-18,5.760058403015137,3.56005859375,2.1999998092651367
2022-04-20,0.4001960754394531,3.150195360183716,-2.749999761581421
2022-04-22,-10.620214462280273,-7.920214653015137,-2.6999998092651367
2022-04-25,5.729881286621094,3.4798827171325684,2.25
2022-04-26,2.8001956939697266,-1.8498048782348633,4.650000095367432
2022-04-27,6.359960556030273,9.209961175918579,-2.8500001430511475
2022-04-29,1.2301750183105469,-1.1698246002197266,2.4000000953674316
2022-05-02,-3.1298828125,-0.47988271713256836,-2.6500000953674316
2022-05-03,13.429981231689453,13.599999904632568,-0.17001986503601074
2022-05-04,0.18007659912109375,2.5300779342651367,-2.3500003814697266
2022-05-06,-5.439842224121094,-2.889843463897705,-2.549999713897705
2022-05-09,7.489990234375,5.139990329742432,2.3499999046325684
2022-05-10,14.750049591064453,12.350048780441284,2.40000057220459
2022-05-11,0.27993011474609375,-2.070068597793579,2.3499996662139893
2022-05-13,12.639892578125,10.089892387390137,2.549999713897705
2022-05-16,7.41001033782959,4.860009670257568,2.5500004291534424
2022-05-17,11.650097846984863,10.5,1.1500978469848633
2022-05-18,6.670068740844727,4.370068311691284,2.299999952316284
2022-05-19,12.440038681030273,14.299999952316284,-1.8599612712860107
2022-05-20,-22.610107421875,-25.060107231140137,2.450000286102295
2022-05-23,4.5,7.050000190734863,-2.5500001907348633
2022-05-24,3.4200191497802734,5.920019626617432,-2.500000238418579
2022-05-25,2.22998046875,-0.07001948356628418,2.299999952316284
2022-05-26,9.059911727905273,9.350000143051147,-0.2900881767272949
2022-05-27,0.8097658157348633,-1.3402345180511475,2.149999976158142
2022-05-31,-1.60009765625,0.9499022960662842,-2.549999952316284
2022-06-01,-5.77001953125,-8.120019674301147,2.3499999046325684
2022-06-02,-10.719823837280273,-8.219824075698853,-2.500000238418579
2022-06-03,12.640039443969727,10.140038967132568,2.500000238418579
2022-06-06,5.769824981689453,3.4198243618011475,2.3500001430511475
2022-06-07,-0.23017597198486328,2.3698242902755737,-2.600000023841858
2022-06-08,1.3200187683105469,3.970019578933716,-2.6500000953674316
2022-06-09,-19.729931831359863,-17.229931592941284,-2.500000238418579
2022-06-10,-16.589893341064453,-18.789892435073853,2.1999995708465576
2022-06-13,21.279884338378906,18.929883003234863,2.3500003814697266
2022-06-14,5.02001953125,2.77001953125,2.249999761581421
2022-06-15,-3.810009002685547,-6.360009670257568,2.5500001907348633
2022-06-16,16.620019912719727,17.449999809265137,-0.8299803733825684
2022-06-17,-4.959912300109863,-2.109912157058716,-2.8500001430511475
2022-06-21,0.3400392532348633,3.3400391340255737,-2.9999998807907104
2022-06-22,1.7898921966552734,-0.6601073741912842,2.4499998092651367
2022-06-23,-0.12998008728027344,-2.379980444908142,2.2499998807907104
2022-06-24,-6.889989852905273,-4.314990401268005,-2.5750001668930054
2022-06-27,6.660107612609863,9.150000095367432,-2.4898924827575684
2022-06-28,3.9500484466552734,6.750048875808716,-2.8000001907348633
2022-06-29,-0.8699216842651367,1.830078125,-2.6999998092651367
2022-06-30,16.479883193969727,18.59999942779541,-2.120116710662842
2022-07-01,0.8699216842651367,3.519921898841858,-2.649999976158142
2022-07-05,4.610107421875,2.3101073503494263,2.2999998331069946
2022-07-06,-9.069921493530273,-11.319921851158142,2.2499998807907104
2022-07-07,8.220117568969727,8.300000190734863,-0.07988286018371582
2022-07-08,-0.020116806030273438,2.5798827409744263,-2.600000023841858
2022-07-11,8.779932022094727,7.125,1.6549317836761475
2022-07-12,7.749951362609863,5.499951243400574,2.2500001192092896
2022-07-13,-1.0699710845947266,1.780029296875,-2.8500001430511475
2022-07-14,4.6298828125,2.2048827409744263,2.4250000715255737
2022-07-15,0.49008750915527344,-1.9599120616912842,2.4499999284744263
2022-07-18,9.72747802734375e-05,2.575097680091858,-2.5749999284744263
2022-07-19,2.31005859375,4.93505859375,-2.6250001192092896
2022-07-20,-0.45009803771972656,2.499902367591858,-2.9500001668930054
2022-07-21,-5.449951171875,-2.774951219558716,-2.6750000715255737
2022-07-22,6.770116806030273,4.7451171875,2.0250000953674316
2022-07-25,-7.640088081359863,-10.09008777141571,2.450000047683716
2022-07-26,8.799951553344727,6.599951148033142,2.2000001668930054
2022-07-27,-2.2898921966552734,0.610107421875,-2.9000000953674316
2022-07-28,5.229931831359863,2.954931616783142,2.275000214576721
2022-07-29,5.440038681030273,2.7900390625,2.649999976158142
2022-08-01,7.029882431030273,6.150000095367432,0.8798826932907104
2022-08-02,-4.210058212280273,-1.3100584745407104,-2.900000214576721
2022-08-03,3.3199214935302734,6.099999904632568,-2.7800782918930054
2022-08-04,4.039941310882568,1.68994140625,2.350000023841858
2022-08-05,-3.4899415969848633,-0.48994141817092896,-3.0000000596046448
2022-08-08,8.639941215515137,6.339941501617432,2.3000000715255737
2022-08-09,4.670214653015137,5.224999964237213,-0.5547851920127869
2022-08-10,1.9597654342651367,-0.29023444652557373,2.2500001192092896
2022-08-11,5.02001953125,5.375,-0.35498046875
2022-08-12,-2.8499021530151367,-0.27490234375,-2.5749999284744263
2022-08-15,3.4151368141174316,1.465136706829071,1.9500001072883606
2022-08-16,7.099804878234863,4.749804615974426,2.3499999046325684
2022-08-17,2.2400388717651367,5.240039110183716,-3.0000001192092896
2022-08-18,0.21523475646972656,-1.7597655653953552,1.9750000834465027
2022-08-19,7.079980850219727,6.6249998807907104,0.4549804925918579
2022-08-22,6.340234756469727,5.825000047683716,0.5152345895767212
2022-08-23,1.47998046875,-0.8450195789337158,2.3249999284744263
2022-08-24,1.9450197219848633,4.049999952316284,-2.10498046875
2022-08-25,-12.8701171875,-9.870117247104645,-2.9999999403953552
2022-08-26,-6.240087509155273,-8.59008777141571,2.349999785423279
2022-08-29,-5.139892578125,-7.564892530441284,2.4249998331069946
2022-08-30,7.559911727905273,9.199999928474426,-1.6400879621505737
2022-08-31,-4.050000190734863,-6.350000023841858,2.2999998331069946
2022-09-01,-10.550097465515137,-12.850097417831421,2.299999952316284
2022-09-02,7.260009765625,10.010009765625,-2.749999761581421
2022-09-06,10.839941024780273,8.389941453933716,2.4499998092651367
2022-09-07,-0.17988204956054688,2.4701170921325684,-2.649999737739563
2022-09-08,-1.0299320220947266,-3.229931592941284,2.1999998092651367
2022-09-09,1.0601072311401367,3.810107469558716,-2.75
2022-09-12,3.7398433685302734,1.3898437023162842,2.350000262260437
2022-09-13,1.0399417877197266,3.5899415016174316,-2.549999952316284
2022-09-14,-12.910009384155273,-10.310009717941284,-2.5999999046325684
2022-09-15,2.5999021530151367,5.199902296066284,-2.5999999046325684
2022-09-16,6.769922256469727,4.519921779632568,2.250000238418579
2022-09-19,4.660107612609863,7.325000047683716,-2.6648924350738525
2022-09-20,11.870067596435547,10.299999952316284,1.570068120956421
2022-09-21,-15.970067977905273,-18.370068550109863,2.4000000953674316
2022-09-22,-3.6100101470947266,-5.810009717941284,2.1999998092651367
2022-09-23,-0.5799808502197266,1.8700196743011475,-2.450000047683716
2022-09-26,0.4900398254394531,3.1900391578674316,-2.6999998092651367
2022-09-27,11.859960556030273,9.7099609375,2.1499998569488525
2022-09-28,10.840038299560547,8.240038871765137,2.5999999046325684
2022-09-29,-0.36997032165527344,2.2300291061401367,-2.5999999046325684
2022-09-30,-9.479883193969727,-6.829883098602295,-2.6500000953674316
2022-10-03,-6.370068550109863,-3.5700682401657104,-2.8000000715255737
2022-10-04,0.42006874084472656,-1.7299315929412842,2.1499998569488525
2022-10-05,-7.119970321655273,-4.519970655441284,-2.599999785423279
2022-10-06,2.320018768310547,-0.12998056411743164,2.4499998092651367
2022-10-07,0.44008827209472656,2.890087842941284,-2.450000047683716
2022-10-10,2.7898921966552734,5.689892530441284,-2.9000000953674316
2022-10-11,3.6099119186401367,6.109911918640137,-2.5
2022-10-12,1.8800296783447266,-0.5199706554412842,2.4000000953674316
2022-10-13,13.209912300109863,10.859912157058716,2.3500001430511475
2022-10-14,2.070068359375,-0.4799318313598633,2.549999713897705
2022-10-17,8.599950790405273,6.399951219558716,2.1999998092651367
2022-10-18,-4.72998046875,-2.22998046875,-2.5
2022-10-19,4.690088272094727,2.290087938308716,2.400000214576721
2022-10-20,9.519970893859863,7.1199705600738525,2.4000000953674316
2022-10-21,8.0,5.449999928474426,2.5499998331069946
2022-10-24,1.3900880813598633,-1.159912109375,2.5500001907348633
2022-10-25,6.460107326507568,5.225000023841858,1.235107421875
2022-10-26,3.2000980377197266,5.449999928474426,-2.2499022483825684
2022-10-27,-3.0999507904052734,-0.34995126724243164,-2.7499998807907104
2022-10-28,7.539941787719727,6.200000047683716,1.3399416208267212
2022-10-31,6.579980850219727,4.179980516433716,2.400000214576721
2022-11-01,3.7000975608825684,5.225000023841858,-1.52490234375
2022-11-02,-4.110057830810547,-6.56005859375,2.4499998092651367
2022-11-03,-11.560107231140137,-13.960107326507568,2.399999976158142
2022-11-04,-5.600049018859863,-7.850048899650574,2.2499998807907104
2022-11-07,4.400048732757568,2.375048875808716,2.024999976158142
2022-11-08,3.910106658935547,1.5101075172424316,2.3999998569488525
2022-11-09,-0.6299324035644531,-2.8799315690994263,2.2499998807907104
2022-11-10,-6.420117378234863,-4.1201173067092896,-2.2999998331069946
2022-11-11,8.279932022094727,8.150000095367432,0.12993144989013672
2022-11-14,-19.0,-21.24999988079071,2.249999761581421
2022-11-15,8.829980850219727,6.279980659484863,2.549999713897705
2022-11-16,7.990038871765137,7.125,0.8650391101837158
2022-11-17,-12.360057830810547,-9.660058736801147,-2.6999998092651367
2022-11-18,8.209912300109863,6.134912133216858,2.075000047683716
2022-11-21,2.7350587844848633,5.0,-2.264941453933716
2022-11-22,3.669921875,1.7699218392372131,1.8999999165534973
2022-11-23,5.160009860992432,5.799999952316284,-0.6399900913238525
2022-11-28,-2.81494140625,-0.18994134664535522,-2.6249998211860657
2022-11-29,4.095117092132568,1.8701171875,2.2249999046325684
2022-11-30,-11.860107421875,-14.010107398033142,2.1500000953674316
2022-12-01,5.604931831359863,4.774999976158142,0.8299316167831421
2022-12-02,7.150049209594727,6.649999976158142,0.5000486373901367
2022-12-05,0.3599119186401367,-1.8400877714157104,2.1999999284744263
2022-12-06,-7.210010528564453,-9.660009741783142,2.4499998092651367
2022-12-07,3.8800783157348633,1.9050780534744263,1.9749999046325684
2022-12-08,6.560009956359863,5.775000095367432,0.7850096225738525
2022-12-09,-13.3701171875,-15.4951171875,2.125
2022-12-12,-1.5100584030151367,0.9899413585662842,-2.4999998807907104
2022-12-13,11.39990234375,9.399999856948853,1.9999024868011475
2022-12-14,14.979930877685547,12.629931449890137,2.3499999046325684
2022-12-15,2.0,-0.25000011920928955,2.2500001192092896
2022-12-16,5.660106658935547,8.160107374191284,-2.500000238418579
2022-12-19,-3.6099119186401367,-5.734912037849426,2.1250001192092896
2022-12-20,4.020116806030273,1.5451172590255737,2.474999785423279
2022-12-21,-0.3899412155151367,2.18505859375,-2.575000047683716
2022-12-22,9.310108184814453,7.110107421875,2.200000047683716
2022-12-23,-1.6200685501098633,1.0049316883087158,-2.6250001192092896
2022-12-27,1.1500000953674316,-0.8750000596046448,2.025000035762787
2022-12-28,5.744970798492432,3.419970750808716,2.325000047683716
2022-12-29,5.205029487609863,4.125000059604645,1.0800291895866394
2022-12-30,-9.200000762939453,-11.350000143051147,2.1499998569488525
2023-01-03,5.160107612609863,2.7601075172424316,2.399999976158142
2023-01-04,1.2300291061401367,-1.1699706315994263,2.4000000953674316
2023-01-05,7.450098037719727,5.4750975370407104,1.975000023841858
2023-01-06,3.2300777435302734,5.924999952316284,-2.694921612739563
2023-01-09,4.065088272094727,1.6150879859924316,2.450000047683716
2023-01-10,-2.875,-4.949999988079071,2.074999988079071
2023-01-11,-3.8851070404052734,-5.710107445716858,1.8250000476837158
2023-01-12,5.680078506469727,6.725000023841858,-1.0449219942092896
2023-01-13,2.5849123001098633,4.450000107288361,-1.8650879263877869
2023-01-17,2.1949706077575684,3.875,-1.6800293922424316
2023-01-18,-4.364892959594727,-6.639892637729645,2.2749999165534973
2023-01-19,-9.199902534484863,-11.149902284145355,1.9499998688697815
2023-01-20,0.6898927688598633,-1.335107445716858,2.0250000953674316
2023-01-23,-1.31005859375,1.31494140625,-2.6249998807907104
2023-01-24,3.4999513626098633,4.374999940395355,-0.875048816204071
2023-01-25,1.780029296875,4.130029320716858,-2.3499999046325684
2023-01-26,-3.554931640625,-0.7799316048622131,-2.7749999165534973
2023-01-27,-11.389941215515137,-8.664941430091858,-2.725000023841858
2023-01-30,6.570019721984863,6.625,-0.05498027801513672
2023-01-31,-18.300098419189453,-20.300097703933716,1.999999761581421
2023-02-01,11.309961318969727,9.009960889816284,2.3000004291534424
2023-02-02,-3.8597660064697266,-6.0097655057907104,2.150000214576721
2023-02-03,9.920019149780273,9.100000023841858,0.8200193643569946
2023-02-06,1.8199214935302734,-0.43007802963256836,2.2499998807907104
2023-02-07,5.75,3.450000047683716,2.3000001907348633
2023-02-08,6.240137100219727,6.649999976158142,-0.40986335277557373
2023-02-09,7.350000381469727,5.125,2.224999785423279
2023-02-10,-1.8599605560302734,0.8150390386581421,-2.6750000715255737
2023-02-13,0.10996103286743164,-1.8650391101837158,1.975000023841858
2023-02-14,4.079883098602295,2.0798827409744263,2.000000238418579
2023-02-15,-5.200097560882568,-2.4250975847244263,-2.7749998569488525
2023-02-16,0.30991172790527344,-2.140087842941284,2.4499998092651367
2023-02-17,0.8099117279052734,3.259912133216858,-2.450000047683716
2023-02-21,6.140088081359863,3.640087842941284,2.4999998807907104
2023-02-22,2.699951171875,0.199951171875,2.5
2023-02-23,0.070068359375,-1.979931652545929,2.0500001311302185
2023-02-24,9.159960746765137,7.125,2.0349607467651367
2023-02-27,5.410009860992432,5.300000071525574,0.11000990867614746
2023-02-28,2.7999024391174316,0.5999023914337158,2.2000001668930054
2023-03-01,1.610107421875,4.210107326507568,-2.599999785423279
2023-03-02,5.89990234375,3.7249022722244263,2.174999952316284
2023-03-03,6.910107612609863,4.860107421875,2.0500001907348633
2023-03-06,2.580078125,4.074999988079071,-1.4949219822883606
2023-03-07,6.529882907867432,5.699999928474426,0.8298828601837158
2023-03-08,-10.060009956359863,-7.160009801387787,-2.900000035762787
2023-03-09,10.479930877685547,11.25,-0.7700686454772949
2023-03-10,4.990087509155273,2.8900880813598633,2.0999999046325684
2023-03-13,5.110010147094727,7.810009717941284,-2.700000047683716
2023-03-14,-23.690038681030273,-25.840039134025574,2.149999976158142
2023-03-15,11.270068168640137,8.970068454742432,2.299999713897705
2023-03-16,8.669970512390137,6.774999976158142,1.8949705362319946
2023-03-17,4.289892196655273,6.939892530441284,-2.6500000953674316
2023-03-20,1.1299314498901367,4.129931628704071,-3.0000000596046448
2023-03-21,4.054883003234863,1.7048827409744263,2.3499999046325684
2023-03-22,-51.93002891540527,-49.18002915382385,-2.750000238418579
2023-03-23,4.380027770996094,2.0800294876098633,2.299999713897705
2023-03-24,9.560009956359863,7.5100098848342896,2.0500000715255737
2023-03-27,-5.294970989227295,-7.6949708461761475,2.3999998569488525
2023-03-28,-4.195019245147705,-1.4700195789337158,-2.724999785423279
2023-03-29,4.264941692352295,4.549999952316284,-0.2850583791732788
2023-03-30,4.944921970367432,2.944921910762787,2.0000000596046448
2023-03-31,5.43994140625,3.43994140625,2.000000238418579
2023-04-03,5.659765243530273,3.824999988079071,1.8347654938697815
2023-04-04,-4.375097751617432,-1.775097668170929,-2.6000000834465027
2023-04-05,0.020116806030273438,3.045117199420929,-3.025000035762787
2023-04-06,0.32998037338256836,3.004980444908142,-2.6750000715255737
2023-04-10,-3.3848628997802734,-0.3098633289337158,-3.0749999284744263
2023-04-11,-5.885058403015137,-8.460058569908142,2.574999988079071
2023-04-12,6.550048828125,4.400048851966858,2.1500000953674316
2023-04-13,2.1702146530151367,3.800000011920929,-1.6297852396965027
2023-04-14,-0.9401369094848633,2.084863305091858,-3.024999976158142
2023-04-17,-0.7698240280151367,1.80517578125,-2.575000047683716
2023-04-18,5.820116996765137,3.675000011920929,2.145117223262787
2023-04-19,4.720019340515137,2.195019543170929,2.524999976158142
2023-04-20,-7.490038871765137,-4.590039074420929,-2.8999999165534973
2023-04-21,2.2799806594848633,0.60498046875,1.6749999523162842
2023-04-24,2.6849608421325684,0.9099609553813934,1.7750000059604645
2023-04-25,-1.9201173782348633,-3.8451172709465027,1.9250001311302185
2023-04-26,5.310009956359863,3.385009765625,1.9250000715255737
2023-04-27,5.199902534484863,3.574902296066284,1.625
2023-04-28,-2.6799802780151367,0.2700195908546448,-2.949999988079071
2023-05-01,2.7451171875,3.1249999701976776,-0.3798827826976776
2023-05-02,1.580078125,4.605078041553497,-3.025000035762787
2023-05-03,6.700000762939453,9.450000047683716,-2.749999761581421
2023-05-04,3.2699708938598633,4.774999976158142,-1.505029320716858
2023-05-05,3.0,0.699999988079071,2.2999998927116394
2023-05-08,1.8298826217651367,2.999999910593033,-1.1701171696186066
2023-05-09,-1.7550783157348633,-1.7550780773162842,0.0
2023-05-10,3.89013671875,1.440136730670929,2.4499998688697815
2023-05-11,4.454882621765137,2.5048828721046448,1.9499998688697815
2023-05-12,-7.505078315734863,-4.930078148841858,-2.5750001668930054
2023-05-15,2.8202152252197266,2.4249999821186066,0.3952149450778961
2023-05-16,-10.900097846984863,-7.600097686052322,-3.300000101327896
2023-05-17,2.6549806594848633,0.4799805283546448,2.175000011920929
2023-05-18,-7.249804496765137,-9.324804723262787,2.0750001072883606
2023-05-19,4.620019912719727,2.320019483566284,2.3000001907348633
2023-05-22,3.2798824310302734,1.179882824420929,2.099999964237213
2023-05-23,-2.6949219703674316,-0.044921875,-2.649999976158142
2023-05-24,-1.509765625,-3.4597655534744263,1.9500001668930054
2023-05-25,-1.3952150344848633,1.3547852039337158,-2.7500001192092896
2023-05-26,6.249804496765137,4.400000035762787,1.8498044610023499
2023-05-30,5.279980659484863,3.350000023841858,1.9299803376197815
2023-05-31,0.7800779342651367,-1.3199219107627869,2.1000000834465027
2023-06-01,4.97998046875,3.5,1.4799802899360657
2023-06-02,3.4701170921325684,3.975000023841858,-0.5048828125
2023-06-05,4.065039157867432,3.6249999701976776,0.4400390684604645
2023-06-06,3.5250978469848633,2.8499999940395355,0.6750976741313934
2023-06-07,2.2200193405151367,-0.07998049259185791,2.2999998927116394
2023-06-08,0.81982421875,2.4499999284744263,-1.6301756501197815
2023-06-09,-1.1901369094848633,1.759863257408142,-2.9500001072883606
2023-06-12,2.0198240280151367,0.24482417106628418,1.7750000953674316
2023-06-13,1.615234375,3.575000047683716,-1.9597656726837158
2023-06-14,7.710156440734863,5.360156297683716,2.3499999046325684
2023-06-15,4.189844131469727,1.6398438215255737,2.549999952316284
2023-06-16,1.6398439407348633,4.389843702316284,-2.75
2023-06-20,3.4349608421325684,1.1599608957767487,2.2750000655651093
2023-06-21,-4.31005859375,-1.3100586533546448,-2.9999999403953552
2023-06-22,-6.76513671875,-4.215136706829071,-2.549999952316284
2023-06-23,3.9300780296325684,3.399999976158142,0.530078113079071
2023-06-26,-5.80517578125,-8.380175769329071,2.575000047683716
2023-06-27,-1.7648439407348633,1.2601562142372131,-3.025000035762787
2023-06-28,-1.60986328125,-3.3348633348941803,1.7250000536441803
2023-06-29,-0.9899411201477051,1.410058617591858,-2.3999997973442078
2023-06-30,2.7298827171325684,0.3048827648162842,2.4249998331069946
2023-07-05,0.69482421875,-1.730175793170929,2.424999922513962
2023-07-06,2.91015625,1.9749999642372131,0.9351563453674316
2023-07-07,-10.499804496765137,-12.949804663658142,2.4499998688697815
2023-07-10,-0.25478506088256836,-2.0047851502895355,1.7500000894069672
2023-07-11,-4.309765815734863,-6.009765654802322,1.7000000774860382
2023-07-12,4.514843940734863,4.599999964237213,-0.0851561427116394
2023-07-13,5.884961128234863,3.4999999403953552,2.3849608302116394
2023-07-14,5.105077743530273,3.430078089237213,1.6749998927116394
2023-07-17,-1.0849609375,1.9150390028953552,-3.0000000596046448
2023-07-18,0.12998056411743164,3.179980456829071,-3.0499998927116394
2023-07-19,0.59521484375,-1.6547852158546448,2.2499999403953552
2023-07-20,1.0798826217651367,-0.8951172232627869,1.9750000834465027
2023-07-21,2.21484375,4.299999952316284,-2.0851563215255737
2023-07-24,0.6598634719848633,-1.5151367783546448,2.1750000715255737
2023-07-25,-2.7150392532348633,0.15996092557907104,-2.8750000596046448
2023-07-26,1.1500000953674316,-1.1999999284744263,2.3500001430511475
2023-07-27,4.510156154632568,2.460156261920929,2.050000011920929
2023-07-28,3.7200193405151367,1.920019507408142,1.7999999523162842
2023-07-31,-4.3349609375,-6.084960967302322,1.7499999105930328
2023-08-01,1.5049805641174316,2.9749999940395355,-1.4700194299221039
2023-08-02,-0.7401371002197266,1.9348632097244263,-2.6750001907348633
2023-08-03,2.5401368141174316,3.824999988079071,-1.2848631739616394
2023-08-04,1.52978515625,4.104785084724426,-2.5750001668930054
2023-08-07,-3.43994140625,-5.189941465854645,1.7500000596046448
2023-08-08,1.4951171875,3.425000011920929,-1.9298827648162842
2023-08-09,-16.7900390625,-13.640039145946503,-3.1499999165534973
2023-08-10,8.130078315734863,5.530078172683716,2.600000023841858
2023-08-11,1.599804401397705,4.449804663658142,-2.8500001430511475
2023-08-14,-4.47021484375,-6.645214855670929,2.174999952316284
2023-08-15,5.840137481689453,6.524999976158142,-0.6848632097244263
2023-08-16,2.7800779342651367,5.805078148841858,-3.0250000953674316
2023-08-17,3.3098630905151367,6.125,-2.815136671066284
2023-08-18,7.259961128234863,5.350000023841858,1.9099609851837158
2023-08-21,5.245019912719727,3.1700194478034973,2.0750001072883606
2023-08-22,4.374804496765137,2.074804723262787,2.29999977350235
2023-08-23,1.6597657203674316,3.625,-1.9652342796325684
2023-08-24,-11.739941120147705,-8.989941477775574,-2.749999761581421
2023-08-25,-1.5400390625,-3.6400391459465027,2.1000002026557922
2023-08-28,-2.06005859375,-4.035058617591858,1.9749999046325684
2023-08-29,3.6548829078674316,3.675000011920929,-0.020117223262786865
2023-08-30,5.295117378234863,3.6250000596046448,1.670117199420929
2023-08-31,-1.33984375,-3.514843761920929,2.175000011920929
2023-09-01,4.35498046875,2.4799805283546448,1.8750000596046448
2023-09-05,1.9300780296325684,-0.669921875,2.599999964237213
2023-09-06,0.9200196266174316,3.470019519329071,-2.550000011920929
2023-09-07,4.559863090515137,2.949999988079071,1.6098631024360657
2023-09-08,-2.8402342796325684,-4.465234309434891,1.6250000298023224
2023-09-11,1.5849609375,2.3250000178813934,-0.7400390207767487
2023-09-12,3.0500974655151367,1.150097668170929,1.9000000357627869
2023-09-13,3.06005859375,0.7600585222244263,2.3000001311302185
2023-09-14,4.474902153015137,2.974902391433716,1.5
2023-09-15,0.46982431411743164,3.324999988079071,-2.8551756739616394
2023-09-18,1.1452150344848633,1.9999999701976776,-0.8547850549221039
2023-09-19,0.9748048782348633,2.550000011920929,-1.5751953125
2023-09-20,-13.399805068969727,-15.599804639816284,2.1999998092651367
2023-09-21,-2.875,-0.32499992847442627,-2.5499998331069946
2023-09-22,-12.889941215515137,-15.339941501617432,2.450000047683716
2023-09-25,-4.139941215515137,-1.589941382408142,-2.549999952316284
2023-09-26,4.170214653015137,1.72021484375,2.450000047683716
2023-09-27,3.8097658157348633,1.5597655773162842,2.25
2023-09-28,-2.4498043060302734,-4.949804663658142,2.5000001192092896
2023-09-29,9.5498046875,7.199804663658142,2.349999785423279
2023-10-02,-5.540136814117432,-7.89013671875,2.3499999046325684
2023-10-03,-1.2001953125,1.5998047590255737,-2.799999952316284
2023-10-04,4.450000762939453,2.350000023841858,2.1000001430511475
2023-10-05,5.889941215515137,3.3899413347244263,2.5000001192092896
2023-10-06,-4.549999713897705,-6.675000011920929,2.1250001788139343
2023-10-09,5.939844131469727,4.350000083446503,1.5898438096046448
2023-10-10,4.690234184265137,2.590234398841858,2.0999999046325684
2023-10-11,-0.6001954078674316,-3.150195360183716,2.550000011920929
2023-10-12,2.4651365280151367,4.625000059604645,-2.1598634123802185
2023-10-13,6.870214462280273,4.620214819908142,2.2500001192092896
2023-10-16,-0.22011756896972656,-2.470117151737213,2.2499999403953552
2023-10-17,-1.7751951217651367,0.5748046636581421,-2.3499999046325684
2023-10-18,7.60009765625,5.10009765625,2.4999998807907104
2023-10-19,7.649999618530273,7.424999952316284,0.22499990463256836
2023-10-20,-2.1898441314697266,-4.239843845367432,2.049999952316284
2023-10-23,7.0400390625,4.490038990974426,2.549999952316284
2023-10-24,3.7051753997802734,1.155175805091858,2.5499998927116394
2023-10-25,3.77001953125,1.620019555091858,2.1500000953674316
2023-10-26,-10.070019721984863,-7.345019459724426,-2.725000023841858
2023-10-27,6.079882621765137,6.3999998569488525,-0.3201172351837158
2023-10-30,-2.4801759719848633,0.3698241710662842,-2.849999964237213
2023-10-31,4.249804496765137,3.324999988079071,0.9248045682907104
2023-11-01,6.559863090515137,6.600000023841858,-0.04013657569885254
2023-11-02,0.8702149391174316,-1.0297851860523224,1.8999999463558197
2023-11-03,-1.7601561546325684,-3.6851562559604645,1.9249999821186066
2023-11-06,-2.154980421066284,0.9200195372104645,-3.074999898672104
2023-11-07,-2.3951168060302734,0.30488279461860657,-2.699999898672104
2023-11-08,1.1702148914337158,-0.35478517413139343,1.5250000059604645
2023-11-09,3.6999025344848633,3.449999988079071,0.24990224838256836
2023-11-10,5.534765720367432,3.259765625,2.274999976158142
2023-11-13,0.7498044967651367,-1.350195288658142,2.1000000834465027
2023-11-14,-3.8498048782348633,-6.199804663658142,2.349999964237213
2023-11-15,-2.4201173782348633,0.45488280057907104,-2.8749998807907104
2023-11-16,-3.4402341842651367,-0.8902343511581421,-2.5500001311302185
2023-11-17,3.52001953125,0.9700195491313934,2.5500000417232513
2023-11-20,-3.1951169967651367,-5.320117145776749,2.1250000298023224
2023-11-21,2.0399413108825684,2.0,0.039941370487213135
2023-11-22,1.0451173782348633,2.5249999463558197,-1.479882687330246
2023-11-27,-0.7698240280151367,2.44999997317791,-3.2198242396116257
2023-11-28,-1.1151366233825684,-2.6401366889476776,1.5249999463558197
2023-11-29,4.219922065734863,2.4449218809604645,1.7750000655651093
2023-11-30,-17.374804496765137,-19.249804764986038,1.8750000298023224
2023-12-01,5.404882907867432,3.7749999165534973,1.6298828721046448
2023-12-04,-0.5047855377197266,-2.5297851264476776,2.024999886751175
2023-12-05,1.6551756858825684,2.349999964237213,-0.69482421875
2023-12-06,-0.41015625,2.239843785762787,-2.6500000953674316
2023-12-07,3.5601563453674316,2.3749999701976776,1.1851561963558197
2023-12-08,4.1201171875,1.9701171815395355,2.1500000059604645
2023-12-11,-3.2649412155151367,-0.7149414122104645,-2.5500000417232513
2023-12-12,2.9751954078674316,2.1250000298023224,0.8501952588558197
2023-12-13,-8.539844512939453,-5.914843797683716,-2.6250001192092896
2023-12-14,0.6501951217651367,3.099999964237213,-2.4498046040534973
2023-12-15,1.6100587844848633,-0.31494140625,1.9249999523162842
2023-12-18,-4.989941596984863,-2.464941442012787,-2.524999976158142
2023-12-19,-4.445116996765137,-1.6701172292232513,-2.774999886751175
2023-12-20,-0.49990272521972656,-2.949902296066284,2.450000047683716
2023-12-21,2.0500001907348633,-0.30000007152557373,2.3500001430511475
2023-12-22,0.9298830032348633,3.929882764816284,-3.0
2023-12-26,-0.19999980926513672,-2.425000011920929,2.2249999046325684
2023-12-27,-1.5550785064697266,1.4449219107627869,-3.0000000596046448
2023-12-28,4.125097751617432,1.400097668170929,2.7250002026557922
2023-12-29,4.230077743530273,2.0800780057907104,2.149999976158142
2024-01-02,-11.830078125,-9.380078077316284,-2.45000022649765
2024-01-03,2.1100587844848633,0.03505849838256836,2.0749999284744263
2024-01-04,-6.269824028015137,-2.8698242008686066,-3.4000000655651093
2024-01-05,-4.565234184265137,-2.040234327316284,-2.524999976158142
2024-01-08,-2.2400388717651367,-4.390039086341858,2.1500000953674316
2024-01-09,4.099999904632568,2.125,1.9749999046325684
2024-01-10,3.5998048782348633,1.7248046398162842,1.8750001192092896
2024-01-11,1.8097658157348633,4.659765601158142,-2.8499999046325684
2024-01-12,2.3699216842651367,0.21992182731628418,2.1500000953674316
2024-01-16,-5.10498046875,-2.4049805402755737,-2.700000047683716
2024-01-17,-8.484960556030273,-10.359960854053497,1.8750000596046448
2024-01-18,4.785058498382568,2.9850586652755737,1.7999999523162842
2024-01-19,2.014941692352295,4.299999952316284,-2.285058379173279
2024-01-22,0.68017578125,-1.494824230670929,2.1750000715255737
2024-01-23,1.1749019622802734,3.425000011920929,-2.2500977516174316
2024-01-24,4.999804496765137,2.874804675579071,2.1250000596046448
2024-01-25,-8.210156440734863,-5.410156309604645,-2.800000011920929
2024-01-26,4.954785346984863,3.974999964237213,0.9797852635383606
2024-01-29,3.9698243141174316,4.950000047683716,-0.9801757335662842
2024-01-30,0.02021503448486328,3.0452148020267487,-3.024999886751175
2024-01-31,-4.550097465515137,-6.950097680091858,2.400000214576721
2024-02-01,-0.06494140625,2.635058581829071,-2.6999998688697815
2024-02-02,-9.540136337280273,-6.590136706829071,-2.9499998688697815
2024-02-05,-1.8399415016174316,-3.9399414658546448,2.099999964237213
2024-02-06,-3.6299805641174316,-0.6799805164337158,-2.950000047683716
2024-02-07,5.514941215515137,3.474999964237213,2.0399414896965027
2024-02-08,2.9601564407348633,2.700000047683716,0.26015621423721313
2024-02-09,3.4651365280151367,1.7151367366313934,1.7499999105930328
2024-02-12,1.83984375,2.75,-0.91015625
2024-02-13,-21.26992177963257,-18.394921898841858,-2.875
2024-02-14,-3.5201172828674316,-1.0451171398162842,-2.4750001430511475
2024-02-15,1.320019245147705,3.674999952316284,-2.3549806475639343
2024-02-16,-1.5301761627197266,-3.7551757097244263,2.224999785423279
2024-02-20,6.440234184265137,4.450000047683716,1.9902342557907104
2024-02-21,-19.599804878234863,-21.699804723262787,2.099999964237213
2024-02-22,5.370214462280273,4.800000071525574,0.5702146291732788
2024-02-23,4.574804782867432,3.824999988079071,0.749804675579071
2024-02-26,-5.245214939117432,-2.3452147841453552,-2.900000035762787
2024-02-27,1.7948246002197266,2.5,-0.7051756978034973
2024-02-28,5.084765434265137,3.1847656667232513,1.9000000059604645
2024-02-29,0.2799806594848633,-1.6450195908546448,1.925000011920929
2024-03-01,3.7199220657348633,3.474999964237213,0.24492192268371582
2024-03-04,-8.974804878234863,-6.199804663658142,-2.7749999165534973
2024-03-05,-11.574902534484863,-13.974902272224426,2.3999998569488525
2024-03-06,5.140233993530273,2.990234375,2.1500000953674316
2024-03-07,4.565136909484863,2.2651368379592896,2.299999952316284
2024-03-08,9.289941787719727,6.889941334724426,2.400000214576721
2024-03-11,3.2850584983825684,1.635058581829071,1.6499999165534973
2024-03-12,1.7200193405151367,4.199999928474426,-2.4799803495407104
2024-03-13,-2.0350589752197266,0.4899413585662842,-2.524999976158142
2024-03-14,-12.029980659484863,-9.279980540275574,-2.75
2024-03-15,5.939844131469727,3.639843702316284,2.3000001907348633
2024-03-18,-5.055078029632568,-1.830078125,-3.2249999046325684
2024-03-19,-7.484765529632568,-4.809765696525574,-2.674999952316284
2024-03-20,10.420116424560547,8.799999833106995,1.6201170682907104
2024-03-21,-2.72021484375,0.20478510856628418,-2.924999952316284
2024-03-22,4.93017578125,2.480175733566284,2.4500001072883606
2024-03-25,3.264941692352295,0.5649413466453552,2.70000022649765
2024-03-26,-10.069921970367432,-12.794921875,2.7249999046325684
2024-03-27,-11.440234184265137,-13.465234398841858,2.024999976158142
2024-03-28,-0.5999021530151367,2.1500974893569946,-2.7499998807907104
2024-04-01,2.1799802780151367,-0.14501953125,2.325000047683716
2024-04-02,6.06494140625,3.839941382408142,2.225000023841858
2024-04-03,1.509765625,-0.46523451805114746,1.975000262260437
2024-04-04,7.009961128234863,4.7099609375,2.299999952316284
2024-04-05,5.460156440734863,7.600000023841858,-2.1398435831069946
2024-04-08,-2.2098631858825684,-4.334863305091858,2.1250001192092896
2024-04-09,-0.6101570129394531,1.939843773841858,-2.5500001907348633
2024-04-10,13.259862899780273,11.650000095367432,1.609863042831421
2024-04-11,1.7100586891174316,-0.6399413347244263,2.3500001430511475
2024-04-12,-1.6101560592651367,1.08984375,-2.700000047683716
2024-04-15,10.330175399780273,7.980175971984863,2.3499996662139893
2024-04-16,-8.189844131469727,-10.689843773841858,2.5000001192092896
2024-04-17,8.309961318969727,8.699999809265137,-0.39003896713256836
2024-04-18,6.020116806030273,7.600000023841858,-1.5798829793930054
2024-04-19,9.120019912719727,9.049999833106995,0.07001936435699463
2024-04-22,-1.5999021530151367,-3.9499024152755737,2.3499999046325684
2024-04-23,6.100194931030273,4.200195372104645,1.8999999165534973
2024-04-24,4.829882621765137,6.149999976158142,-1.3201172351837158
2024-04-25,1.2199220657348633,-1.2800780534744263,2.4999998807907104
2024-04-26,-3.4150390625,-5.890038967132568,2.474999785423279
2024-04-29,-8.969922065734863,-6.219921886920929,-2.7500000596046448
2024-04-30,-16.635058879852295,-19.260058641433716,2.6249998807907104
