statistic,model,mean_R|s>0,mean_R|s<=0,diff,t_diff,n_pos,n_nonpos,mean_R_top,mean_R_bottom,n_top,n_bottom,spearman_rho,p_sp,kendall_tau,p_kt,n,b_rank,t,p,a,b,t_b,p_b,R2,b_absR,t_rank_alone,t_rank_with_iv,t_iv
sign,HAR + calendar OLS,0.07854322630788564,-0.06688238121891263,0.145425607526798,1.8580134526472132,280.0,591.0,,,,,,,,,,,,,,,,,,,,,
sign,block-diag ridge,0.12214242258956656,-0.11079260374442194,0.2329350263339873,2.9422472680676877,339.0,532.0,,,,,,,,,,,,,,,,,,,,,
sign,LightGBM,0.11447453497771713,-0.0845792916772252,0.1990538266549421,2.3368627492102547,282.0,589.0,,,,,,,,,,,,,,,,,,,,,
sign,XGBoost,0.12361106209045142,-0.08645709061920057,0.21006815270965162,2.413036151386479,275.0,596.0,,,,,,,,,,,,,,,,,,,,,
sign,lasso (causally tuned),0.11149608095522426,-0.09657736813038323,0.20807344908560724,2.6189668372998867,320.0,551.0,,,,,,,,,,,,,,,,,,,,,
sign,lasso (fixed 1e-4),0.13089762490846404,-0.12907710874655884,0.2599747336550228,3.2951579736517496,365.0,506.0,,,,,,,,,,,,,,,,,,,,,
sign,elastic net (causally tuned),0.08674649177132969,-0.07714713193817305,0.16389362370950297,1.926787577855409,303.0,568.0,,,,,,,,,,,,,,,,,,,,,
tercile,HAR + calendar OLS,,,0.16611095876687415,2.00608757249862,,,0.05633264905468816,-0.10977830971218568,271.0,255.0,,,,,,,,,,,,,,,,,
tercile,block-diag ridge,,,0.24531903926852605,2.868271154873297,,,0.10562051828942477,-0.13969852097910157,262.0,240.0,,,,,,,,,,,,,,,,,
tercile,LightGBM,,,0.22966373075227509,2.731147201815815,,,0.10653116018065344,-0.12313257057162172,298.0,232.0,,,,,,,,,,,,,,,,,
tercile,XGBoost,,,0.18385179357207665,2.1175116294258753,,,0.07182787399449486,-0.11202391957758173,292.0,237.0,,,,,,,,,,,,,,,,,
tercile,lasso (causally tuned),,,0.2530023680317588,2.9829314934119804,,,0.15330284281530843,-0.09969952521645004,283.0,211.0,,,,,,,,,,,,,,,,,
tercile,lasso (fixed 1e-4),,,0.23233469201549523,2.687395772265099,,,0.10922280116141954,-0.12311189085407598,257.0,229.0,,,,,,,,,,,,,,,,,
tercile,elastic net (causally tuned),,,0.23444961498553243,2.7992848896042157,,,0.13272059572176245,-0.10172901926376986,282.0,217.0,,,,,,,,,,,,,,,,,
assoc,HAR + calendar OLS,,,,,,,,,,,-0.002465243139278685,0.9420833399568436,-0.003005386171372384,0.8964976690000264,871.0,,,,,,,,,,,,
assoc,block-diag ridge,,,,,,,,,,,0.00730934872168584,0.8294462936297743,0.002485066834218644,0.9143406842128228,871.0,,,,,,,,,,,,
assoc,LightGBM,,,,,,,,,,,0.013716363065525908,0.6860327757370408,0.007411840557893119,0.7483479570542695,871.0,,,,,,,,,,,,
assoc,XGBoost,,,,,,,,,,,0.014824670235820379,0.6621752551747594,0.00852835913553552,0.712018512571519,871.0,,,,,,,,,,,,
assoc,lasso (causally tuned),,,,,,,,,,,0.016040128928430403,0.6363999345730216,0.008647598983633254,0.7081753502786738,871.0,,,,,,,,,,,,
assoc,lasso (fixed 1e-4),,,,,,,,,,,0.013606772752275374,0.6884093749271865,0.006913201193120786,0.7647606880323248,871.0,,,,,,,,,,,,
assoc,elastic net (causally tuned),,,,,,,,,,,-0.00159218338670112,0.962575239326342,-0.0020297874142091213,0.9299891292704932,871.0,,,,,,,,,,,,
rank,HAR + calendar OLS,,,,,,,,,,,,,,,809.0,0.26373239830665646,2.077180235062096,0.037784927381627365,,,,,,,,,
rank,block-diag ridge,,,,,,,,,,,,,,,809.0,0.3423100973345177,2.561489938748836,0.010422426006771434,,,,,,,,,
rank,LightGBM,,,,,,,,,,,,,,,809.0,0.3634996094352276,2.7485534326706267,0.005985887760404767,,,,,,,,,
rank,XGBoost,,,,,,,,,,,,,,,809.0,0.33741618659407663,2.6181730886791996,0.008840195127821223,,,,,,,,,
rank,lasso (causally tuned),,,,,,,,,,,,,,,809.0,0.3641487494075708,2.740991620649294,0.006125406960727821,,,,,,,,,
rank,lasso (fixed 1e-4),,,,,,,,,,,,,,,809.0,0.3495781562031887,2.6044714924964176,0.009201607541409347,,,,,,,,,
rank,elastic net (causally tuned),,,,,,,,,,,,,,,809.0,0.32766383181966313,2.435687293923502,0.014863527608038123,,,,,,,,,
raw,HAR + calendar OLS,,,,,,,,,,,,,,,871.0,,,,-0.01952627553656732,655.5142585939643,0.26681913871855584,0.7896084177389598,3.758318125590687e-05,,,,
raw,block-diag ridge,,,,,,,,,,,,,,,871.0,,,,-0.020010478393140504,-498.61231731283533,-0.48447520282197754,0.6280486586364962,0.00010840245729326625,,,,
raw,LightGBM,,,,,,,,,,,,,,,871.0,,,,-0.020559506475618383,1019.28599651925,3.31118571548144,0.000929015306307771,0.0005289887380943714,,,,
raw,XGBoost,,,,,,,,,,,,,,,871.0,,,,-0.020855291976978423,1313.1586140449235,3.5925609803971534,0.00032744399446048885,0.0007750012780143312,,,,
raw,lasso (causally tuned),,,,,,,,,,,,,,,871.0,,,,-0.02012861086351609,39.47794077204972,0.049874624861273545,0.9602222985581582,7.249219329263923e-07,,,,
raw,lasso (fixed 1e-4),,,,,,,,,,,,,,,871.0,,,,-0.020007131641395764,-547.2932811732852,-0.5237198184808576,0.6004734291658425,0.0001308790551687311,,,,
raw,elastic net (causally tuned),,,,,,,,,,,,,,,871.0,,,,-0.020117010622991767,129.29113060143825,0.19468486891720277,0.8456396581114229,8.552916271997724e-06,,,,
mag,HAR + calendar OLS,,,,,,,,,,,,,,,809.0,,4.297784996165912,1.7251337576562913e-05,,,,,,0.3836384848187081,,,
mag,block-diag ridge,,,,,,,,,,,,,,,809.0,,4.29326989232403,1.7606077248792633e-05,,,,,,0.4091870597066097,,,
mag,LightGBM,,,,,,,,,,,,,,,809.0,,4.93484805529762,8.021318152985377e-07,,,,,,0.45783805103908604,,,
mag,XGBoost,,,,,,,,,,,,,,,809.0,,5.129837004554217,2.89993167720548e-07,,,,,,0.4567661266471105,,,
mag,lasso (causally tuned),,,,,,,,,,,,,,,809.0,,4.862900052244243,1.1567826603214448e-06,,,,,,0.4669079585381606,,,
mag,lasso (fixed 1e-4),,,,,,,,,,,,,,,809.0,,4.223818782062127,2.4019721347194286e-05,,,,,,0.40232294471759417,,,
mag,elastic net (causally tuned),,,,,,,,,,,,,,,809.0,,4.646299113867537,3.379429032572527e-06,,,,,,0.4506484925263447,,,
mag_iv,HAR + calendar OLS,,,,,,,,,,,,,,,809.0,,,,,,,,,,4.297784996165912,1.3228877039215692,-3.9811559077111025
mag_iv,block-diag ridge,,,,,,,,,,,,,,,809.0,,,,,,,,,,4.29326989232403,1.6884097867182222,-3.8321924696443936
mag_iv,LightGBM,,,,,,,,,,,,,,,809.0,,,,,,,,,,4.93484805529762,2.4024504279304018,-3.400633583067883
mag_iv,XGBoost,,,,,,,,,,,,,,,809.0,,,,,,,,,,5.129837004554217,2.499569376315573,-3.3782758285991967
mag_iv,lasso (causally tuned),,,,,,,,,,,,,,,809.0,,,,,,,,,,4.862900052244243,2.515964170717894,-3.5625658248130723
mag_iv,lasso (fixed 1e-4),,,,,,,,,,,,,,,809.0,,,,,,,,,,4.223818782062127,1.717012888092095,-3.9107918934311168
mag_iv,elastic net (causally tuned),,,,,,,,,,,,,,,809.0,,,,,,,,,,4.646299113867537,2.2487573445847024,-3.631792062127719
