era,k,entry_et,target_et,model,n_days,qlike
all,0,10:00,10:30,M0,737,0.5324117170431226
all,0,10:00,11:00,M0,737,0.20323691884856998
all,0,10:00,11:30,M0,737,0.2829836568651489
all,0,10:00,12:00,M0,737,0.23997704005702838
all,0,10:00,12:30,M0,737,0.4781371628163556
all,0,10:00,13:00,M0,737,0.39219999844337894
all,0,10:00,13:30,M0,737,0.47553256470492977
all,0,10:00,14:00,M0,737,0.24446091208015647
all,0,10:00,14:30,M0,737,0.37887630820374923
all,0,10:00,15:00,M0,737,0.3037229833470209
all,0,10:00,15:30,M0,737,0.26536251083668844
all,0,10:00,10:30,M1,737,0.24392703003690425
all,0,10:00,11:00,M1,737,0.25479485825162784
all,0,10:00,11:30,M1,737,0.2628625962230981
all,0,10:00,12:00,M1,737,0.6062232412612658
all,0,10:00,12:30,M1,737,0.5609849246871185
all,0,10:00,13:00,M1,737,0.4996448039356035
all,0,10:00,13:30,M1,737,0.543991060627356
all,0,10:00,14:00,M1,737,0.4357890555481169
all,0,10:00,14:30,M1,737,0.38792260671538487
all,0,10:00,15:00,M1,737,0.34360746886419463
all,0,10:00,15:30,M1,737,0.38786064132978265
all,0,10:00,10:30,M2,737,0.23354088243873927
all,0,10:00,11:00,M2,737,0.2662083534461784
all,0,10:00,11:30,M2,737,0.23585566783664036
all,0,10:00,12:00,M2,737,0.3457120912188401
all,0,10:00,12:30,M2,737,0.42427816160157256
all,0,10:00,13:00,M2,737,0.46604300968690726
all,0,10:00,13:30,M2,737,0.4970227739349206
all,0,10:00,14:00,M2,737,0.37839979254118783
all,0,10:00,14:30,M2,737,0.3741552842605157
all,0,10:00,15:00,M2,737,0.33688427463830356
all,0,10:00,15:30,M2,737,0.3434623688537757
all,0,10:00,10:30,M3,737,0.3240108297085316
all,0,10:00,11:00,M3,737,0.3305863739714109
all,0,10:00,11:30,M3,737,0.3854511349102525
all,0,10:00,12:00,M3,737,0.7674023695497624
all,0,10:00,12:30,M3,737,0.694650481022629
all,0,10:00,13:00,M3,737,0.6770341134794764
all,0,10:00,13:30,M3,737,0.6297726435474854
all,0,10:00,14:00,M3,737,0.45491481190855926
all,0,10:00,14:30,M3,737,0.4969210170620285
all,0,10:00,15:00,M3,737,0.396011254434222
all,0,10:00,15:30,M3,737,0.37048775150007696
all,0,10:00,10:30,M3k,737,0.30348945294819846
all,0,10:00,11:00,M3k,737,0.3099781991882516
all,0,10:00,11:30,M3k,737,0.35563957025019605
all,0,10:00,12:00,M3k,737,0.7265686111141257
all,0,10:00,12:30,M3k,737,0.6496515640894938
all,0,10:00,13:00,M3k,737,0.6295326831588404
all,0,10:00,13:30,M3k,737,0.6103397415644685
all,0,10:00,14:00,M3k,737,0.45320737361976204
all,0,10:00,14:30,M3k,737,0.47568349947542937
all,0,10:00,15:00,M3k,737,0.3878682347519012
all,0,10:00,15:30,M3k,737,0.36635119336324057
all,0,10:00,10:30,M4,737,0.2377447121593222
all,0,10:00,11:00,M4,737,0.25478065625387925
all,0,10:00,11:30,M4,737,0.24892874106409443
all,0,10:00,12:00,M4,737,0.5985552310327141
all,0,10:00,12:30,M4,737,0.5365527171820296
all,0,10:00,13:00,M4,737,0.5058696149796484
all,0,10:00,13:30,M4,737,0.5742233746453155
all,0,10:00,14:00,M4,737,0.42811296798866394
all,0,10:00,14:30,M4,737,0.39720298468233056
all,0,10:00,15:00,M4,737,0.34405405970564223
all,0,10:00,15:30,M4,737,0.36666417554835756
daily_0dte,0,10:00,10:30,M0,489,0.5296429431659889
daily_0dte,0,10:00,11:00,M0,489,0.22699394490110789
daily_0dte,0,10:00,11:30,M0,489,0.29642696701777893
daily_0dte,0,10:00,12:00,M0,489,0.25840585905190355
daily_0dte,0,10:00,12:30,M0,489,0.5341570849394851
daily_0dte,0,10:00,13:00,M0,489,0.4342955061018339
daily_0dte,0,10:00,13:30,M0,489,0.4730523252010088
daily_0dte,0,10:00,14:00,M0,489,0.25844288701408763
daily_0dte,0,10:00,14:30,M0,489,0.41151321978401684
daily_0dte,0,10:00,15:00,M0,489,0.29819243782127663
daily_0dte,0,10:00,15:30,M0,489,0.29467268271016867
daily_0dte,0,10:00,10:30,M1,489,0.21682626745879102
daily_0dte,0,10:00,11:00,M1,489,0.24741281860980363
daily_0dte,0,10:00,11:30,M1,489,0.2696922849807826
daily_0dte,0,10:00,12:00,M1,489,0.5684224872613265
daily_0dte,0,10:00,12:30,M1,489,0.5742527475806984
daily_0dte,0,10:00,13:00,M1,489,0.5615282053186925
daily_0dte,0,10:00,13:30,M1,489,0.5481174000179188
daily_0dte,0,10:00,14:00,M1,489,0.431735128981816
daily_0dte,0,10:00,14:30,M1,489,0.4219411580978372
daily_0dte,0,10:00,15:00,M1,489,0.35157561159381084
daily_0dte,0,10:00,15:30,M1,489,0.38451972262517015
daily_0dte,0,10:00,10:30,M2,489,0.21189715201507794
daily_0dte,0,10:00,11:00,M2,489,0.26570582037994894
daily_0dte,0,10:00,11:30,M2,489,0.22865293921502677
daily_0dte,0,10:00,12:00,M2,489,0.31340627601397997
daily_0dte,0,10:00,12:30,M2,489,0.4305638123839392
daily_0dte,0,10:00,13:00,M2,489,0.5333766216894981
daily_0dte,0,10:00,13:30,M2,489,0.5003170816301661
daily_0dte,0,10:00,14:00,M2,489,0.35755808681251156
daily_0dte,0,10:00,14:30,M2,489,0.3797462008816568
daily_0dte,0,10:00,15:00,M2,489,0.3103359744974502
daily_0dte,0,10:00,15:30,M2,489,0.3062675195666165
daily_0dte,0,10:00,10:30,M3,489,0.26775826497520044
daily_0dte,0,10:00,11:00,M3,489,0.31757900835997044
daily_0dte,0,10:00,11:30,M3,489,0.40445785261741546
daily_0dte,0,10:00,12:00,M3,489,0.6919430970609753
daily_0dte,0,10:00,12:30,M3,489,0.686588624304454
daily_0dte,0,10:00,13:00,M3,489,0.7522821989608371
daily_0dte,0,10:00,13:30,M3,489,0.6830119339209122
daily_0dte,0,10:00,14:00,M3,489,0.4664733721004556
daily_0dte,0,10:00,14:30,M3,489,0.552134175872218
daily_0dte,0,10:00,15:00,M3,489,0.38450337241921
daily_0dte,0,10:00,15:30,M3,489,0.3443747071429271
daily_0dte,0,10:00,10:30,M3k,489,0.24701120609891775
daily_0dte,0,10:00,11:00,M3k,489,0.294376505564097
daily_0dte,0,10:00,11:30,M3k,489,0.37505355457725065
daily_0dte,0,10:00,12:00,M3k,489,0.657367031041865
daily_0dte,0,10:00,12:30,M3k,489,0.6475299409144446
daily_0dte,0,10:00,13:00,M3k,489,0.7123796955851385
daily_0dte,0,10:00,13:30,M3k,489,0.6587074409746273
daily_0dte,0,10:00,14:00,M3k,489,0.46637929764997127
daily_0dte,0,10:00,14:30,M3k,489,0.5325761413927254
daily_0dte,0,10:00,15:00,M3k,489,0.37677783200446374
daily_0dte,0,10:00,15:30,M3k,489,0.335443970843259
daily_0dte,0,10:00,10:30,M4,489,0.20740686777610645
daily_0dte,0,10:00,11:00,M4,489,0.23779008007152178
daily_0dte,0,10:00,11:30,M4,489,0.25041023743555096
daily_0dte,0,10:00,12:00,M4,489,0.5420757278285534
daily_0dte,0,10:00,12:30,M4,489,0.5400870098148036
daily_0dte,0,10:00,13:00,M4,489,0.5817460882948602
daily_0dte,0,10:00,13:30,M4,489,0.5942996825305102
daily_0dte,0,10:00,14:00,M4,489,0.4168839320692299
daily_0dte,0,10:00,14:30,M4,489,0.43793747370834735
daily_0dte,0,10:00,15:00,M4,489,0.3415567733141242
daily_0dte,0,10:00,15:30,M4,489,0.35363204811840393
all,1,10:30,11:00,M0,737,0.20323691884856998
all,1,10:30,11:30,M0,737,0.2829836568651489
all,1,10:30,12:00,M0,737,0.23997704005702838
all,1,10:30,12:30,M0,737,0.4781371628163556
all,1,10:30,13:00,M0,737,0.39219999844337894
all,1,10:30,13:30,M0,737,0.47553256470492977
all,1,10:30,14:00,M0,737,0.24446091208015647
all,1,10:30,14:30,M0,737,0.37887630820374923
all,1,10:30,15:00,M0,737,0.3037229833470209
all,1,10:30,15:30,M0,737,0.26536251083668844
all,1,10:30,11:00,M1,737,0.2514804553563238
all,1,10:30,11:30,M1,737,0.24380624282987554
all,1,10:30,12:00,M1,737,0.5927310095418482
all,1,10:30,12:30,M1,737,0.5274668155032618
all,1,10:30,13:00,M1,737,0.4725382603045621
all,1,10:30,13:30,M1,737,0.5302096502472686
all,1,10:30,14:00,M1,737,0.42372274906480106
all,1,10:30,14:30,M1,737,0.3685301219398561
all,1,10:30,15:00,M1,737,0.33847266502086104
all,1,10:30,15:30,M1,737,0.3909283004019272
all,1,10:30,11:00,M2,737,0.17248381434275342
all,1,10:30,11:30,M2,737,0.23815861825881485
all,1,10:30,12:00,M2,737,0.3402748013250074
all,1,10:30,12:30,M2,737,0.4105818974265289
all,1,10:30,13:00,M2,737,0.4486333380588347
all,1,10:30,13:30,M2,737,0.48417787859538497
all,1,10:30,14:00,M2,737,0.3721334523052882
all,1,10:30,14:30,M2,737,0.356682825499211
all,1,10:30,15:00,M2,737,0.33023782891678644
all,1,10:30,15:30,M2,737,0.3416542745128471
all,1,10:30,11:00,M3,737,0.1805409837827652
all,1,10:30,11:30,M3,737,0.314957635404922
all,1,10:30,12:00,M3,737,0.7482646312101874
all,1,10:30,12:30,M3,737,0.6848427124446219
all,1,10:30,13:00,M3,737,0.7100717390710354
all,1,10:30,13:30,M3,737,0.6338388229198978
all,1,10:30,14:00,M3,737,0.4818195826898633
all,1,10:30,14:30,M3,737,0.5064405054494029
all,1,10:30,15:00,M3,737,0.4059474925654859
all,1,10:30,15:30,M3,737,0.40396263213770733
all,1,10:30,11:00,M3k,737,0.18017292479745775
all,1,10:30,11:30,M3k,737,0.2998973132182435
all,1,10:30,12:00,M3k,737,0.7069616701243466
all,1,10:30,12:30,M3k,737,0.6412858686767066
all,1,10:30,13:00,M3k,737,0.6696192764045305
all,1,10:30,13:30,M3k,737,0.6335156695217018
all,1,10:30,14:00,M3k,737,0.47401527433590496
all,1,10:30,14:30,M3k,737,0.4896576203412258
all,1,10:30,15:00,M3k,737,0.401067220241249
all,1,10:30,15:30,M3k,737,0.39531490619988396
all,1,10:30,11:00,M4,737,0.21993625330695976
all,1,10:30,11:30,M4,737,0.22509283862381688
all,1,10:30,12:00,M4,737,0.5761480559664542
all,1,10:30,12:30,M4,737,0.4868105622429881
all,1,10:30,13:00,M4,737,0.48767586269439706
all,1,10:30,13:30,M4,737,0.538281538123649
all,1,10:30,14:00,M4,737,0.41599463903923567
all,1,10:30,14:30,M4,737,0.3654400734277755
all,1,10:30,15:00,M4,737,0.3338277480503005
all,1,10:30,15:30,M4,737,0.37890199279223524
daily_0dte,1,10:30,11:00,M0,489,0.22699394490110789
daily_0dte,1,10:30,11:30,M0,489,0.29642696701777893
daily_0dte,1,10:30,12:00,M0,489,0.25840585905190355
daily_0dte,1,10:30,12:30,M0,489,0.5341570849394851
daily_0dte,1,10:30,13:00,M0,489,0.4342955061018339
daily_0dte,1,10:30,13:30,M0,489,0.4730523252010088
daily_0dte,1,10:30,14:00,M0,489,0.25844288701408763
daily_0dte,1,10:30,14:30,M0,489,0.41151321978401684
daily_0dte,1,10:30,15:00,M0,489,0.29819243782127663
daily_0dte,1,10:30,15:30,M0,489,0.29467268271016867
daily_0dte,1,10:30,11:00,M1,489,0.24619030443767773
daily_0dte,1,10:30,11:30,M1,489,0.24983209036783313
daily_0dte,1,10:30,12:00,M1,489,0.5514174546295525
daily_0dte,1,10:30,12:30,M1,489,0.528063867844504
daily_0dte,1,10:30,13:00,M1,489,0.5310995766895511
daily_0dte,1,10:30,13:30,M1,489,0.5345156563002592
daily_0dte,1,10:30,14:00,M1,489,0.4160309843827188
daily_0dte,1,10:30,14:30,M1,489,0.3994798830188391
daily_0dte,1,10:30,15:00,M1,489,0.34885650939211243
daily_0dte,1,10:30,15:30,M1,489,0.39504829415497467
daily_0dte,1,10:30,11:00,M2,489,0.16155147274603
daily_0dte,1,10:30,11:30,M2,489,0.23631642069919095
daily_0dte,1,10:30,12:00,M2,489,0.3079070785192787
daily_0dte,1,10:30,12:30,M2,489,0.40994642650179164
daily_0dte,1,10:30,13:00,M2,489,0.5114387969342686
daily_0dte,1,10:30,13:30,M2,489,0.4821862164250908
daily_0dte,1,10:30,14:00,M2,489,0.3460555524731497
daily_0dte,1,10:30,14:30,M2,489,0.35883808575989246
daily_0dte,1,10:30,15:00,M2,489,0.3068544724543338
daily_0dte,1,10:30,15:30,M2,489,0.312296457997759
daily_0dte,1,10:30,11:00,M3,489,0.15628620107916527
daily_0dte,1,10:30,11:30,M3,489,0.31422385235365474
daily_0dte,1,10:30,12:00,M3,489,0.6734420139722604
daily_0dte,1,10:30,12:30,M3,489,0.670708331816814
daily_0dte,1,10:30,13:00,M3,489,0.8512950175586411
daily_0dte,1,10:30,13:30,M3,489,0.674452240322524
daily_0dte,1,10:30,14:00,M3,489,0.48682155008081285
daily_0dte,1,10:30,14:30,M3,489,0.5702683612970827
daily_0dte,1,10:30,15:00,M3,489,0.4020460113388613
daily_0dte,1,10:30,15:30,M3,489,0.3872923265088849
daily_0dte,1,10:30,11:00,M3k,489,0.1558689844558736
daily_0dte,1,10:30,11:30,M3k,489,0.30008186801195985
daily_0dte,1,10:30,12:00,M3k,489,0.6326789332548075
daily_0dte,1,10:30,12:30,M3k,489,0.6290153936800937
daily_0dte,1,10:30,13:00,M3k,489,0.806627970399379
daily_0dte,1,10:30,13:30,M3k,489,0.6772445572777086
daily_0dte,1,10:30,14:00,M3k,489,0.4796291993274082
daily_0dte,1,10:30,14:30,M3k,489,0.5514459603842794
daily_0dte,1,10:30,15:00,M3k,489,0.3917170260396181
daily_0dte,1,10:30,15:30,M3k,489,0.374462650825896
daily_0dte,1,10:30,11:00,M4,489,0.20410166150130357
daily_0dte,1,10:30,11:30,M4,489,0.22421273652289977
daily_0dte,1,10:30,12:00,M4,489,0.5126928319247763
daily_0dte,1,10:30,12:30,M4,489,0.4734891488489261
daily_0dte,1,10:30,13:00,M4,489,0.5580595094210926
daily_0dte,1,10:30,13:30,M4,489,0.542770431123159
daily_0dte,1,10:30,14:00,M4,489,0.39184842098609113
daily_0dte,1,10:30,14:30,M4,489,0.39643160390363036
daily_0dte,1,10:30,15:00,M4,489,0.33900383668275175
daily_0dte,1,10:30,15:30,M4,489,0.374425836928483
all,2,11:00,11:30,M0,737,0.2829836568651489
all,2,11:00,12:00,M0,737,0.23997704005702838
all,2,11:00,12:30,M0,737,0.4781371628163556
all,2,11:00,13:00,M0,737,0.39219999844337894
all,2,11:00,13:30,M0,737,0.47553256470492977
all,2,11:00,14:00,M0,737,0.24446091208015647
all,2,11:00,14:30,M0,737,0.37887630820374923
all,2,11:00,15:00,M0,737,0.3037229833470209
all,2,11:00,15:30,M0,737,0.26536251083668844
all,2,11:00,11:30,M1,737,0.2022850934260131
all,2,11:00,12:00,M1,737,0.4692381279462342
all,2,11:00,12:30,M1,737,0.41417870941910595
all,2,11:00,13:00,M1,737,0.44643085597154697
all,2,11:00,13:30,M1,737,0.6233353931769143
all,2,11:00,14:00,M1,737,0.4932635584635456
all,2,11:00,14:30,M1,737,0.378333152130432
all,2,11:00,15:00,M1,737,0.4384834566039326
all,2,11:00,15:30,M1,737,0.5473975622345779
all,2,11:00,11:30,M2,737,0.19679465582398598
all,2,11:00,12:00,M2,737,0.289381244019534
all,2,11:00,12:30,M2,737,0.3493738295540114
all,2,11:00,13:00,M2,737,0.43482841930244903
all,2,11:00,13:30,M2,737,0.4948337006262727
all,2,11:00,14:00,M2,737,0.3761080974961821
all,2,11:00,14:30,M2,737,0.36496326254645767
all,2,11:00,15:00,M2,737,0.34145851417323225
all,2,11:00,15:30,M2,737,0.35476825538882517
all,2,11:00,11:30,M3,737,0.2666123179181644
all,2,11:00,12:00,M3,737,0.5725000976540157
all,2,11:00,12:30,M3,737,0.5448390825569175
all,2,11:00,13:00,M3,737,0.6714291155450747
all,2,11:00,13:30,M3,737,0.630115943523218
all,2,11:00,14:00,M3,737,0.48048716211708553
all,2,11:00,14:30,M3,737,0.5039217964760119
all,2,11:00,15:00,M3,737,0.3939273678584834
all,2,11:00,15:30,M3,737,0.38461830451015955
all,2,11:00,11:30,M3k,737,0.2517128507607858
all,2,11:00,12:00,M3k,737,0.5132669349609938
all,2,11:00,12:30,M3k,737,0.5096472721571178
all,2,11:00,13:00,M3k,737,0.6201019083187153
all,2,11:00,13:30,M3k,737,0.6131378984430035
all,2,11:00,14:00,M3k,737,0.4644904690579573
all,2,11:00,14:30,M3k,737,0.4903099447534089
all,2,11:00,15:00,M3k,737,0.38434497529451206
all,2,11:00,15:30,M3k,737,0.3755198830532132
all,2,11:00,11:30,M4,737,0.1864586861878452
all,2,11:00,12:00,M4,737,0.37786645837702304
all,2,11:00,12:30,M4,737,0.37027671071997464
all,2,11:00,13:00,M4,737,0.4678797479422329
all,2,11:00,13:30,M4,737,0.5363294727420903
all,2,11:00,14:00,M4,737,0.43393483538180705
all,2,11:00,14:30,M4,737,0.3719708507749732
all,2,11:00,15:00,M4,737,0.35044794400492246
all,2,11:00,15:30,M4,737,0.4004783085718229
daily_0dte,2,11:00,11:30,M0,489,0.29642696701777893
daily_0dte,2,11:00,12:00,M0,489,0.25840585905190355
daily_0dte,2,11:00,12:30,M0,489,0.5341570849394851
daily_0dte,2,11:00,13:00,M0,489,0.4342955061018339
daily_0dte,2,11:00,13:30,M0,489,0.4730523252010088
daily_0dte,2,11:00,14:00,M0,489,0.25844288701408763
daily_0dte,2,11:00,14:30,M0,489,0.41151321978401684
daily_0dte,2,11:00,15:00,M0,489,0.29819243782127663
daily_0dte,2,11:00,15:30,M0,489,0.29467268271016867
daily_0dte,2,11:00,11:30,M1,489,0.20766020074757569
daily_0dte,2,11:00,12:00,M1,489,0.44246213600742107
daily_0dte,2,11:00,12:30,M1,489,0.41748001353926517
daily_0dte,2,11:00,13:00,M1,489,0.5141748805746312
daily_0dte,2,11:00,13:30,M1,489,0.6421021199627671
daily_0dte,2,11:00,14:00,M1,489,0.47799499389238576
daily_0dte,2,11:00,14:30,M1,489,0.40916620032010415
daily_0dte,2,11:00,15:00,M1,489,0.46957488820969034
daily_0dte,2,11:00,15:30,M1,489,0.5774084233031623
daily_0dte,2,11:00,11:30,M2,489,0.19479413019770112
daily_0dte,2,11:00,12:00,M2,489,0.26902414232343824
daily_0dte,2,11:00,12:30,M2,489,0.35640386710501004
daily_0dte,2,11:00,13:00,M2,489,0.5041222572528699
daily_0dte,2,11:00,13:30,M2,489,0.5058699254056248
daily_0dte,2,11:00,14:00,M2,489,0.3536873433488881
daily_0dte,2,11:00,14:30,M2,489,0.3614608122820464
daily_0dte,2,11:00,15:00,M2,489,0.3068357722419383
daily_0dte,2,11:00,15:30,M2,489,0.31121204788016754
daily_0dte,2,11:00,11:30,M3,489,0.24437054825475102
daily_0dte,2,11:00,12:00,M3,489,0.45003522787124256
daily_0dte,2,11:00,12:30,M3,489,0.49846717481066544
daily_0dte,2,11:00,13:00,M3,489,0.802771986680664
daily_0dte,2,11:00,13:30,M3,489,0.6968159327403061
daily_0dte,2,11:00,14:00,M3,489,0.5061980934246799
daily_0dte,2,11:00,14:30,M3,489,0.5852214043956588
daily_0dte,2,11:00,15:00,M3,489,0.400592995103008
daily_0dte,2,11:00,15:30,M3,489,0.3734050746871811
daily_0dte,2,11:00,11:30,M3k,489,0.23398635805895485
daily_0dte,2,11:00,12:00,M3k,489,0.40382562561572094
daily_0dte,2,11:00,12:30,M3k,489,0.4708078092691159
daily_0dte,2,11:00,13:00,M3k,489,0.7430782350973156
daily_0dte,2,11:00,13:30,M3k,489,0.6769138209247979
daily_0dte,2,11:00,14:00,M3k,489,0.48757829619823856
daily_0dte,2,11:00,14:30,M3k,489,0.5658935661894566
daily_0dte,2,11:00,15:00,M3k,489,0.38402744663108174
daily_0dte,2,11:00,15:30,M3k,489,0.3619125971633673
daily_0dte,2,11:00,11:30,M4,489,0.1862933241393368
daily_0dte,2,11:00,12:00,M4,489,0.32519041475290184
daily_0dte,2,11:00,12:30,M4,489,0.36262331829829053
daily_0dte,2,11:00,13:00,M4,489,0.5466809740408459
daily_0dte,2,11:00,13:30,M4,489,0.5213580348178927
daily_0dte,2,11:00,14:00,M4,489,0.38287702625629166
daily_0dte,2,11:00,14:30,M4,489,0.400696866265279
daily_0dte,2,11:00,15:00,M4,489,0.3379268510940155
daily_0dte,2,11:00,15:30,M4,489,0.3638232139361339
all,3,11:30,12:00,M0,737,0.23997704005702838
all,3,11:30,12:30,M0,737,0.4781371628163556
all,3,11:30,13:00,M0,737,0.39219999844337894
all,3,11:30,13:30,M0,737,0.47553256470492977
all,3,11:30,14:00,M0,737,0.24446091208015647
all,3,11:30,14:30,M0,737,0.37887630820374923
all,3,11:30,15:00,M0,737,0.3037229833470209
all,3,11:30,15:30,M0,737,0.26536251083668844
all,3,11:30,12:00,M1,737,0.4525061117786209
all,3,11:30,12:30,M1,737,0.3752039875817811
all,3,11:30,13:00,M1,737,0.4160972002252458
all,3,11:30,13:30,M1,737,0.6096961955715365
all,3,11:30,14:00,M1,737,0.4765552773424704
all,3,11:30,14:30,M1,737,0.35300502762367697
all,3,11:30,15:00,M1,737,0.436532369615791
all,3,11:30,15:30,M1,737,0.5466315135415116
all,3,11:30,12:00,M2,737,0.2816394187972304
all,3,11:30,12:30,M2,737,0.344171233423108
all,3,11:30,13:00,M2,737,0.41255038352065027
all,3,11:30,13:30,M2,737,0.48820690332079736
all,3,11:30,14:00,M2,737,0.3718231354700982
all,3,11:30,14:30,M2,737,0.34189878134383656
all,3,11:30,15:00,M2,737,0.33519387011549917
all,3,11:30,15:30,M2,737,0.3622280266925942
all,3,11:30,12:00,M3,737,0.4183681925340504
all,3,11:30,12:30,M3,737,0.49043416002791235
all,3,11:30,13:00,M3,737,0.6144120664192573
all,3,11:30,13:30,M3,737,0.6151729740494954
all,3,11:30,14:00,M3,737,0.4666309101666062
all,3,11:30,14:30,M3,737,0.4993157012190659
all,3,11:30,15:00,M3,737,0.3756225269060261
all,3,11:30,15:30,M3,737,0.36976575148136986
all,3,11:30,12:00,M3k,737,0.3738178503879539
all,3,11:30,12:30,M3k,737,0.4646815283122711
all,3,11:30,13:00,M3k,737,0.5759611903321071
all,3,11:30,13:30,M3k,737,0.5880422032076911
all,3,11:30,14:00,M3k,737,0.445109616186238
all,3,11:30,14:30,M3k,737,0.4779630670344898
all,3,11:30,15:00,M3k,737,0.367184415547516
all,3,11:30,15:30,M3k,737,0.357767148162519
all,3,11:30,12:00,M4,737,0.3001617792422264
all,3,11:30,12:30,M4,737,0.34128930580026745
all,3,11:30,13:00,M4,737,0.43098941495757365
all,3,11:30,13:30,M4,737,0.4804190986841341
all,3,11:30,14:00,M4,737,0.3832399315943268
all,3,11:30,14:30,M4,737,0.33193093400433504
all,3,11:30,15:00,M4,737,0.30712888943995276
all,3,11:30,15:30,M4,737,0.34647954597211966
daily_0dte,3,11:30,12:00,M0,489,0.25840585905190355
daily_0dte,3,11:30,12:30,M0,489,0.5341570849394851
daily_0dte,3,11:30,13:00,M0,489,0.4342955061018339
daily_0dte,3,11:30,13:30,M0,489,0.4730523252010088
daily_0dte,3,11:30,14:00,M0,489,0.25844288701408763
daily_0dte,3,11:30,14:30,M0,489,0.41151321978401684
daily_0dte,3,11:30,15:00,M0,489,0.29819243782127663
daily_0dte,3,11:30,15:30,M0,489,0.29467268271016867
daily_0dte,3,11:30,12:00,M1,489,0.42677210500418333
daily_0dte,3,11:30,12:30,M1,489,0.36795604941189075
daily_0dte,3,11:30,13:00,M1,489,0.4722059268152157
daily_0dte,3,11:30,13:30,M1,489,0.6264366964944631
daily_0dte,3,11:30,14:00,M1,489,0.4620294169507413
daily_0dte,3,11:30,14:30,M1,489,0.3771737880662358
daily_0dte,3,11:30,15:00,M1,489,0.47335030649669585
daily_0dte,3,11:30,15:30,M1,489,0.5848126080186514
daily_0dte,3,11:30,12:00,M2,489,0.25449649047247686
daily_0dte,3,11:30,12:30,M2,489,0.33913084841331503
daily_0dte,3,11:30,13:00,M2,489,0.4729600756081356
daily_0dte,3,11:30,13:30,M2,489,0.49112110780456836
daily_0dte,3,11:30,14:00,M2,489,0.34300846168621313
daily_0dte,3,11:30,14:30,M2,489,0.33937588464004304
daily_0dte,3,11:30,15:00,M2,489,0.3062169013247418
daily_0dte,3,11:30,15:30,M2,489,0.3220817060545168
daily_0dte,3,11:30,12:00,M3,489,0.30061525466852596
daily_0dte,3,11:30,12:30,M3,489,0.47038428883357924
daily_0dte,3,11:30,13:00,M3,489,0.7374021268534725
daily_0dte,3,11:30,13:30,M3,489,0.6714962999866224
daily_0dte,3,11:30,14:00,M3,489,0.48527712952555957
daily_0dte,3,11:30,14:30,M3,489,0.5791281431715437
daily_0dte,3,11:30,15:00,M3,489,0.36745469700567435
daily_0dte,3,11:30,15:30,M3,489,0.3512278282565717
daily_0dte,3,11:30,12:00,M3k,489,0.2744811136013469
daily_0dte,3,11:30,12:30,M3k,489,0.45390070203520194
daily_0dte,3,11:30,13:00,M3k,489,0.6885962770529516
daily_0dte,3,11:30,13:30,M3k,489,0.6395384973625127
daily_0dte,3,11:30,14:00,M3k,489,0.461000813384197
daily_0dte,3,11:30,14:30,M3k,489,0.5491201926259686
daily_0dte,3,11:30,15:00,M3k,489,0.3522417258401798
daily_0dte,3,11:30,15:30,M3k,489,0.33987553842396845
daily_0dte,3,11:30,12:00,M4,489,0.23020296232350937
daily_0dte,3,11:30,12:30,M4,489,0.32655564636953716
daily_0dte,3,11:30,13:00,M4,489,0.49447609464846093
daily_0dte,3,11:30,13:30,M4,489,0.45450746351560967
daily_0dte,3,11:30,14:00,M4,489,0.328895563084503
daily_0dte,3,11:30,14:30,M4,489,0.3528978417348102
daily_0dte,3,11:30,15:00,M4,489,0.2865203975349613
daily_0dte,3,11:30,15:30,M4,489,0.30884473278509683
all,4,12:00,12:30,M0,737,0.4781371628163556
all,4,12:00,13:00,M0,737,0.39219999844337894
all,4,12:00,13:30,M0,737,0.47553256470492977
all,4,12:00,14:00,M0,737,0.24446091208015647
all,4,12:00,14:30,M0,737,0.37887630820374923
all,4,12:00,15:00,M0,737,0.3037229833470209
all,4,12:00,15:30,M0,737,0.26536251083668844
all,4,12:00,12:30,M1,737,0.46880281935169066
all,4,12:00,13:00,M1,737,0.3623051269751137
all,4,12:00,13:30,M1,737,0.3770970948156238
all,4,12:00,14:00,M1,737,0.28553368225307274
all,4,12:00,14:30,M1,737,0.2564222114856454
all,4,12:00,15:00,M1,737,0.25294906641411385
all,4,12:00,15:30,M1,737,0.3046137573650606
all,4,12:00,12:30,M2,737,0.4325760453285612
all,4,12:00,13:00,M2,737,0.3859725052337929
all,4,12:00,13:30,M2,737,0.3941357544218026
all,4,12:00,14:00,M2,737,0.2826183172577681
all,4,12:00,14:30,M2,737,0.26018582027722426
all,4,12:00,15:00,M2,737,0.258777486570629
all,4,12:00,15:30,M2,737,0.2951153944664136
all,4,12:00,12:30,M3,737,0.39459408392075185
all,4,12:00,13:00,M3,737,0.5016930086060826
all,4,12:00,13:30,M3,737,0.5132607422797083
all,4,12:00,14:00,M3,737,0.3869333844828446
all,4,12:00,14:30,M3,737,0.4428091056396653
all,4,12:00,15:00,M3,737,0.33838902237179924
all,4,12:00,15:30,M3,737,0.3204295578255616
all,4,12:00,12:30,M3k,737,0.3742907438757589
all,4,12:00,13:00,M3k,737,0.4799425495194999
all,4,12:00,13:30,M3k,737,0.49581189810267745
all,4,12:00,14:00,M3k,737,0.36450840041241656
all,4,12:00,14:30,M3k,737,0.41796292597031925
all,4,12:00,15:00,M3k,737,0.3257727692334526
all,4,12:00,15:30,M3k,737,0.3089647386311678
all,4,12:00,12:30,M4,737,0.31676948004401545
all,4,12:00,13:00,M4,737,0.3519917675055858
all,4,12:00,13:30,M4,737,0.32279757691701794
all,4,12:00,14:00,M4,737,0.24115311818682303
all,4,12:00,14:30,M4,737,0.27515188451661293
all,4,12:00,15:00,M4,737,0.2500850510783273
all,4,12:00,15:30,M4,737,0.24439140994218508
daily_0dte,4,12:00,12:30,M0,489,0.5341570849394851
daily_0dte,4,12:00,13:00,M0,489,0.4342955061018339
daily_0dte,4,12:00,13:30,M0,489,0.4730523252010088
daily_0dte,4,12:00,14:00,M0,489,0.25844288701408763
daily_0dte,4,12:00,14:30,M0,489,0.41151321978401684
daily_0dte,4,12:00,15:00,M0,489,0.29819243782127663
daily_0dte,4,12:00,15:30,M0,489,0.29467268271016867
daily_0dte,4,12:00,12:30,M1,489,0.4165414781698542
daily_0dte,4,12:00,13:00,M1,489,0.38060601469800465
daily_0dte,4,12:00,13:30,M1,489,0.37537010789440384
daily_0dte,4,12:00,14:00,M1,489,0.27565284740260204
daily_0dte,4,12:00,14:30,M1,489,0.26956155027451056
daily_0dte,4,12:00,15:00,M1,489,0.2592333434889775
daily_0dte,4,12:00,15:30,M1,489,0.31673238187496744
daily_0dte,4,12:00,12:30,M2,489,0.4414235499302718
daily_0dte,4,12:00,13:00,M2,489,0.4253085735851151
daily_0dte,4,12:00,13:30,M2,489,0.37904337851472225
daily_0dte,4,12:00,14:00,M2,489,0.2570079211217675
daily_0dte,4,12:00,14:30,M2,489,0.2611507471968351
daily_0dte,4,12:00,15:00,M2,489,0.25405094560449926
daily_0dte,4,12:00,15:30,M2,489,0.2946516903181919
daily_0dte,4,12:00,12:30,M3,489,0.39997826260659547
daily_0dte,4,12:00,13:00,M3,489,0.5748918292916481
daily_0dte,4,12:00,13:30,M3,489,0.5297562145062374
daily_0dte,4,12:00,14:00,M3,489,0.3776032029917167
daily_0dte,4,12:00,14:30,M3,489,0.496849993508004
daily_0dte,4,12:00,15:00,M3,489,0.31028206689096344
daily_0dte,4,12:00,15:30,M3,489,0.2875486249208262
daily_0dte,4,12:00,12:30,M3k,489,0.3809420076623851
daily_0dte,4,12:00,13:00,M3k,489,0.5490237259602987
daily_0dte,4,12:00,13:30,M3k,489,0.5184802574649745
daily_0dte,4,12:00,14:00,M3k,489,0.35963359524267513
daily_0dte,4,12:00,14:30,M3k,489,0.46581821020753156
daily_0dte,4,12:00,15:00,M3k,489,0.29575692535499043
daily_0dte,4,12:00,15:30,M3k,489,0.2829818872267578
daily_0dte,4,12:00,12:30,M4,489,0.28339879431752046
daily_0dte,4,12:00,13:00,M4,489,0.36990928142720636
daily_0dte,4,12:00,13:30,M4,489,0.3167888336639422
daily_0dte,4,12:00,14:00,M4,489,0.22808147931048872
daily_0dte,4,12:00,14:30,M4,489,0.2926299619311479
daily_0dte,4,12:00,15:00,M4,489,0.23087983577806423
daily_0dte,4,12:00,15:30,M4,489,0.23680586565192396
all,5,12:30,13:00,M0,737,0.39219999844337894
all,5,12:30,13:30,M0,737,0.47553256470492977
all,5,12:30,14:00,M0,737,0.24446091208015647
all,5,12:30,14:30,M0,737,0.37887630820374923
all,5,12:30,15:00,M0,737,0.3037229833470209
all,5,12:30,15:30,M0,737,0.26536251083668844
all,5,12:30,13:00,M1,737,0.3882003847425495
all,5,12:30,13:30,M1,737,0.29797740986981286
all,5,12:30,14:00,M1,737,0.22914141351213121
all,5,12:30,14:30,M1,737,0.26165615223112426
all,5,12:30,15:00,M1,737,0.22670295342689412
all,5,12:30,15:30,M1,737,0.25356743289649397
all,5,12:30,13:00,M2,737,0.3812797045264452
all,5,12:30,13:30,M2,737,0.33220169380299297
all,5,12:30,14:00,M2,737,0.22933461836471392
all,5,12:30,14:30,M2,737,0.2704951708184212
all,5,12:30,15:00,M2,737,0.2298054314073864
all,5,12:30,15:30,M2,737,0.2507128627635665
all,5,12:30,13:00,M3,737,0.3490088834751534
all,5,12:30,13:30,M3,737,0.4087677066775009
all,5,12:30,14:00,M3,737,0.32655111186505814
all,5,12:30,14:30,M3,737,0.38806763625114366
all,5,12:30,15:00,M3,737,0.3084119846212699
all,5,12:30,15:30,M3,737,0.30067428247333133
all,5,12:30,13:00,M3k,737,0.335645298771344
all,5,12:30,13:30,M3k,737,0.395621402189416
all,5,12:30,14:00,M3k,737,0.3117401051872608
all,5,12:30,14:30,M3k,737,0.3729434694672929
all,5,12:30,15:00,M3k,737,0.2995344247961561
all,5,12:30,15:30,M3k,737,0.2898728721464528
all,5,12:30,13:00,M4,737,0.3055833100278715
all,5,12:30,13:30,M4,737,0.2760737558140174
all,5,12:30,14:00,M4,737,0.20710852907396435
all,5,12:30,14:30,M4,737,0.25923587299717993
all,5,12:30,15:00,M4,737,0.242103542088958
all,5,12:30,15:30,M4,737,0.24190773453373293
daily_0dte,5,12:30,13:00,M0,489,0.4342955061018339
daily_0dte,5,12:30,13:30,M0,489,0.4730523252010088
daily_0dte,5,12:30,14:00,M0,489,0.25844288701408763
daily_0dte,5,12:30,14:30,M0,489,0.41151321978401684
daily_0dte,5,12:30,15:00,M0,489,0.29819243782127663
daily_0dte,5,12:30,15:30,M0,489,0.29467268271016867
daily_0dte,5,12:30,13:00,M1,489,0.3715950819683114
daily_0dte,5,12:30,13:30,M1,489,0.2978915415712986
daily_0dte,5,12:30,14:00,M1,489,0.22925951312231263
daily_0dte,5,12:30,14:30,M1,489,0.2734446439652913
daily_0dte,5,12:30,15:00,M1,489,0.22277741228907108
daily_0dte,5,12:30,15:30,M1,489,0.26175685557811773
daily_0dte,5,12:30,13:00,M2,489,0.41313810573559
daily_0dte,5,12:30,13:30,M2,489,0.323650289305569
daily_0dte,5,12:30,14:00,M2,489,0.2222743042386548
daily_0dte,5,12:30,14:30,M2,489,0.2625735424602482
daily_0dte,5,12:30,15:00,M2,489,0.21754783331164912
daily_0dte,5,12:30,15:30,M2,489,0.25639204747231586
daily_0dte,5,12:30,13:00,M3,489,0.35903149747834323
daily_0dte,5,12:30,13:30,M3,489,0.3813016078276411
daily_0dte,5,12:30,14:00,M3,489,0.3013552657633874
daily_0dte,5,12:30,14:30,M3,489,0.4172148024513237
daily_0dte,5,12:30,15:00,M3,489,0.27396988918814413
daily_0dte,5,12:30,15:30,M3,489,0.2667134994441533
daily_0dte,5,12:30,13:00,M3k,489,0.3427394694777214
daily_0dte,5,12:30,13:30,M3k,489,0.3749981407108309
daily_0dte,5,12:30,14:00,M3k,489,0.290208436472791
daily_0dte,5,12:30,14:30,M3k,489,0.4017885060117577
daily_0dte,5,12:30,15:00,M3k,489,0.2663716555234657
daily_0dte,5,12:30,15:30,M3k,489,0.2641233947653197
daily_0dte,5,12:30,13:00,M4,489,0.2956389497834581
daily_0dte,5,12:30,13:30,M4,489,0.2688047550105983
daily_0dte,5,12:30,14:00,M4,489,0.20231291397683127
daily_0dte,5,12:30,14:30,M4,489,0.2677523372320005
daily_0dte,5,12:30,15:00,M4,489,0.22646734670500132
daily_0dte,5,12:30,15:30,M4,489,0.24604823419885696
all,6,13:00,13:30,M0,737,0.47553256470492977
all,6,13:00,14:00,M0,737,0.24446091208015647
all,6,13:00,14:30,M0,737,0.37887630820374923
all,6,13:00,15:00,M0,737,0.3037229833470209
all,6,13:00,15:30,M0,737,0.26536251083668844
all,6,13:00,13:30,M1,737,0.2822566609928909
all,6,13:00,14:00,M1,737,0.21567866668258728
all,6,13:00,14:30,M1,737,0.27486358789794124
all,6,13:00,15:00,M1,737,0.23696897093157
all,6,13:00,15:30,M1,737,0.2525864007893571
all,6,13:00,13:30,M2,737,0.3217555026903688
all,6,13:00,14:00,M2,737,0.21724693894549696
all,6,13:00,14:30,M2,737,0.2735026798672533
all,6,13:00,15:00,M2,737,0.22667943758773046
all,6,13:00,15:30,M2,737,0.24506402937312174
all,6,13:00,13:30,M3,737,0.39262222021874765
all,6,13:00,14:00,M3,737,0.3254678192161261
all,6,13:00,14:30,M3,737,0.3739033694385653
all,6,13:00,15:00,M3,737,0.29889591320310255
all,6,13:00,15:30,M3,737,0.2992286700943802
all,6,13:00,13:30,M3k,737,0.3775153429252951
all,6,13:00,14:00,M3k,737,0.3104402235130853
all,6,13:00,14:30,M3k,737,0.3639480638159499
all,6,13:00,15:00,M3k,737,0.294372573801092
all,6,13:00,15:30,M3k,737,0.28818304488901453
all,6,13:00,13:30,M4,737,0.2719262096372669
all,6,13:00,14:00,M4,737,0.20438786479207663
all,6,13:00,14:30,M4,737,0.26606419613509014
all,6,13:00,15:00,M4,737,0.24870250923569157
all,6,13:00,15:30,M4,737,0.24582721173421881
daily_0dte,6,13:00,13:30,M0,489,0.4730523252010088
daily_0dte,6,13:00,14:00,M0,489,0.25844288701408763
daily_0dte,6,13:00,14:30,M0,489,0.41151321978401684
daily_0dte,6,13:00,15:00,M0,489,0.29819243782127663
daily_0dte,6,13:00,15:30,M0,489,0.29467268271016867
daily_0dte,6,13:00,13:30,M1,489,0.2843265062429529
daily_0dte,6,13:00,14:00,M1,489,0.21789358816842896
daily_0dte,6,13:00,14:30,M1,489,0.2862531704298424
daily_0dte,6,13:00,15:00,M1,489,0.23153812508590604
daily_0dte,6,13:00,15:30,M1,489,0.26200273299999566
daily_0dte,6,13:00,13:30,M2,489,0.3180156759923087
daily_0dte,6,13:00,14:00,M2,489,0.2154103920790553
daily_0dte,6,13:00,14:30,M2,489,0.26552217600054173
daily_0dte,6,13:00,15:00,M2,489,0.2158139976862036
daily_0dte,6,13:00,15:30,M2,489,0.2535298570372704
daily_0dte,6,13:00,13:30,M3,489,0.36031252137278513
daily_0dte,6,13:00,14:00,M3,489,0.2962752846490275
daily_0dte,6,13:00,14:30,M3,489,0.3994087555088127
daily_0dte,6,13:00,15:00,M3,489,0.27301640376350406
daily_0dte,6,13:00,15:30,M3,489,0.26810703399642893
daily_0dte,6,13:00,13:30,M3k,489,0.3489530116406582
daily_0dte,6,13:00,14:00,M3k,489,0.2862040182089326
daily_0dte,6,13:00,14:30,M3k,489,0.39114675316297653
daily_0dte,6,13:00,15:00,M3k,489,0.2679771851045728
daily_0dte,6,13:00,15:30,M3k,489,0.2638752133456212
daily_0dte,6,13:00,13:30,M4,489,0.268088277767854
daily_0dte,6,13:00,14:00,M4,489,0.20008052510433585
daily_0dte,6,13:00,14:30,M4,489,0.2694281360707414
daily_0dte,6,13:00,15:00,M4,489,0.23665169377844916
daily_0dte,6,13:00,15:30,M4,489,0.25451445499702596
all,7,13:30,14:00,M0,737,0.24446091208015647
all,7,13:30,14:30,M0,737,0.37887630820374923
all,7,13:30,15:00,M0,737,0.3037229833470209
all,7,13:30,15:30,M0,737,0.26536251083668844
all,7,13:30,14:00,M1,737,0.2144567690511614
all,7,13:30,14:30,M1,737,0.24614701872811107
all,7,13:30,15:00,M1,737,0.22916882453021323
all,7,13:30,15:30,M1,737,0.2593198659676486
all,7,13:30,14:00,M2,737,0.21974085002996538
all,7,13:30,14:30,M2,737,0.25352915782559476
all,7,13:30,15:00,M2,737,0.2271734009896718
all,7,13:30,15:30,M2,737,0.2524056426892253
all,7,13:30,14:00,M3,737,0.2917722341193667
all,7,13:30,14:30,M3,737,0.3297769604201545
all,7,13:30,15:00,M3,737,0.294975152059417
all,7,13:30,15:30,M3,737,0.2848305004922743
all,7,13:30,14:00,M3k,737,0.2799645188013095
all,7,13:30,14:30,M3k,737,0.3220699511191382
all,7,13:30,15:00,M3k,737,0.2872514715747734
all,7,13:30,15:30,M3k,737,0.27551177383344877
all,7,13:30,14:00,M4,737,0.19072935644242195
all,7,13:30,14:30,M4,737,0.24138699683335896
all,7,13:30,15:00,M4,737,0.24450653394925645
all,7,13:30,15:30,M4,737,0.24604455791982016
daily_0dte,7,13:30,14:00,M0,489,0.25844288701408763
daily_0dte,7,13:30,14:30,M0,489,0.41151321978401684
daily_0dte,7,13:30,15:00,M0,489,0.29819243782127663
daily_0dte,7,13:30,15:30,M0,489,0.29467268271016867
daily_0dte,7,13:30,14:00,M1,489,0.2170842210479268
daily_0dte,7,13:30,14:30,M1,489,0.2626436062392811
daily_0dte,7,13:30,15:00,M1,489,0.23208946014872928
daily_0dte,7,13:30,15:30,M1,489,0.2811662105039513
daily_0dte,7,13:30,14:00,M2,489,0.21193622695366787
daily_0dte,7,13:30,14:30,M2,489,0.25270540274688075
daily_0dte,7,13:30,15:00,M2,489,0.2196134703422379
daily_0dte,7,13:30,15:30,M2,489,0.2675952087426999
daily_0dte,7,13:30,14:00,M3,489,0.25677853719504873
daily_0dte,7,13:30,14:30,M3,489,0.3435346481048646
daily_0dte,7,13:30,15:00,M3,489,0.2640066777507601
daily_0dte,7,13:30,15:30,M3,489,0.2647922185108076
daily_0dte,7,13:30,14:00,M3k,489,0.2515405974003035
daily_0dte,7,13:30,14:30,M3k,489,0.3385623742203727
daily_0dte,7,13:30,15:00,M3k,489,0.25847453396877645
daily_0dte,7,13:30,15:30,M3k,489,0.2610365990276964
daily_0dte,7,13:30,14:00,M4,489,0.1820414684571468
daily_0dte,7,13:30,14:30,M4,489,0.2539034475078497
daily_0dte,7,13:30,15:00,M4,489,0.23757763453212652
daily_0dte,7,13:30,15:30,M4,489,0.26500494068909447
all,8,14:00,14:30,M0,737,0.37887630820374923
all,8,14:00,15:00,M0,737,0.3037229833470209
all,8,14:00,15:30,M0,737,0.26536251083668844
all,8,14:00,14:30,M1,737,0.23747928054591969
all,8,14:00,15:00,M1,737,0.24033340821267804
all,8,14:00,15:30,M1,737,0.27203793469614895
all,8,14:00,14:30,M2,737,0.2439653962673046
all,8,14:00,15:00,M2,737,0.233874882447876
all,8,14:00,15:30,M2,737,0.2566391067086797
all,8,14:00,14:30,M3,737,0.3179334597936591
all,8,14:00,15:00,M3,737,0.2918224702438678
all,8,14:00,15:30,M3,737,0.2835387975114549
all,8,14:00,14:30,M3k,737,0.3113484604388328
all,8,14:00,15:00,M3k,737,0.285758430713258
all,8,14:00,15:30,M3k,737,0.2760264569269709
all,8,14:00,14:30,M4,737,0.23447649300822512
all,8,14:00,15:00,M4,737,0.25229721795413723
all,8,14:00,15:30,M4,737,0.25024051571543
daily_0dte,8,14:00,14:30,M0,489,0.41151321978401684
daily_0dte,8,14:00,15:00,M0,489,0.29819243782127663
daily_0dte,8,14:00,15:30,M0,489,0.29467268271016867
daily_0dte,8,14:00,14:30,M1,489,0.258758322673379
daily_0dte,8,14:00,15:00,M1,489,0.24708639511717337
daily_0dte,8,14:00,15:30,M1,489,0.297362960505439
daily_0dte,8,14:00,14:30,M2,489,0.2500551567455283
daily_0dte,8,14:00,15:00,M2,489,0.22632019964450117
daily_0dte,8,14:00,15:30,M2,489,0.27054733329350983
daily_0dte,8,14:00,14:30,M3,489,0.3232788379845803
daily_0dte,8,14:00,15:00,M3,489,0.2633163676522014
daily_0dte,8,14:00,15:30,M3,489,0.2655885055022718
daily_0dte,8,14:00,14:30,M3k,489,0.3203599970611811
daily_0dte,8,14:00,15:00,M3k,489,0.2586391389114468
daily_0dte,8,14:00,15:30,M3k,489,0.26269857501969807
daily_0dte,8,14:00,14:30,M4,489,0.2548048056998029
daily_0dte,8,14:00,15:00,M4,489,0.25563605089293523
daily_0dte,8,14:00,15:30,M4,489,0.27559298273507904
all,9,14:30,15:00,M0,737,0.3037229833470209
all,9,14:30,15:30,M0,737,0.26536251083668844
all,9,14:30,15:00,M1,737,0.21521640566881314
all,9,14:30,15:30,M1,737,0.2503909635578368
all,9,14:30,15:00,M2,737,0.20309806329496927
all,9,14:30,15:30,M2,737,0.23693231367225043
all,9,14:30,15:00,M3,737,0.26142368427251517
all,9,14:30,15:30,M3,737,0.2658571721631465
all,9,14:30,15:00,M3k,737,0.2551121356631321
all,9,14:30,15:30,M3k,737,0.2589506558359095
all,9,14:30,15:00,M4,737,0.22500683803038737
all,9,14:30,15:30,M4,737,0.24836191476521466
daily_0dte,9,14:30,15:00,M0,489,0.29819243782127663
daily_0dte,9,14:30,15:30,M0,489,0.29467268271016867
daily_0dte,9,14:30,15:00,M1,489,0.21896414686321156
daily_0dte,9,14:30,15:30,M1,489,0.27488067737790833
daily_0dte,9,14:30,15:00,M2,489,0.1970667967150663
daily_0dte,9,14:30,15:30,M2,489,0.250400196505369
daily_0dte,9,14:30,15:00,M3,489,0.24270247071324502
daily_0dte,9,14:30,15:30,M3,489,0.2536761037747024
daily_0dte,9,14:30,15:00,M3k,489,0.23621806267449322
daily_0dte,9,14:30,15:30,M3k,489,0.25087657918270023
daily_0dte,9,14:30,15:00,M4,489,0.22639260145277268
daily_0dte,9,14:30,15:30,M4,489,0.2754782997957013
all,10,15:00,15:30,M0,737,0.26536251083668844
all,10,15:00,15:30,M1,737,0.26536251083668844
all,10,15:00,15:30,M2,737,0.22657712651169187
all,10,15:00,15:30,M3,737,0.2509915824775876
all,10,15:00,15:30,M3k,737,0.24519781826690565
all,10,15:00,15:30,M4,737,0.26536251083668844
daily_0dte,10,15:00,15:30,M0,489,0.29467268271016867
daily_0dte,10,15:00,15:30,M1,489,0.29467268271016867
daily_0dte,10,15:00,15:30,M2,489,0.2365183665428002
daily_0dte,10,15:00,15:30,M3,489,0.24425363260131094
daily_0dte,10,15:00,15:30,M3k,489,0.24171540198352476
daily_0dte,10,15:00,15:30,M4,489,0.29467268271016867
