panel,era,hour,forecast,n_days,qlike,dm_t_vs_A_blk2,nested_in,dm_t_vs_nested,dm_t_pooled_vs_perhour
fixed,all,10:00,A_blk2,800,0.04063880838108008,,,,
fixed,all,10:00,A_a0,800,0.04466135217658727,2.2183928950025185,,,
fixed,all,10:00,B_direct_blk2,800,0.04132255020227154,0.878403450271239,,,
fixed,all,10:00,B_direct_iv,800,0.21115651112530157,13.194868580530686,,,
fixed,all,10:00,B_joint,800,0.04120274494603028,0.7097320469323934,B_direct_blk2,-1.0454076317004826,
fixed,all,10:00,B_joint_realized,800,0.03729408324849957,-2.2839978043879334,B_joint,-3.8596474717096942,
fixed,all,10:00,B_ft_blk2,800,0.15649370894484213,12.613796996496903,,,
fixed,all,10:00,B_ft_joint,800,0.1427491307347048,13.105925604623877,B_ft_blk2,-3.4922351625160855,
fixed,all,10:00,P_direct_blk2,800,0.04241248601706093,1.8027996051743613,,,2.753226182062376
fixed,all,10:00,P_direct_iv,800,0.22107164932772952,13.87879887033936,,,4.838850249592272
fixed,all,10:00,P_joint,800,0.041258486996649156,0.6145083637747597,P_direct_blk2,-3.5763795368323312,0.11965967536633733
fixed,all,10:00,P_joint_realized,800,0.040150750517425546,-0.31971140837956186,P_joint,-1.201137658450531,4.351791854604867
fixed,all,10:00,P_ft_blk2,800,0.15744157964583258,13.4375737284197,,,0.5082949329968534
fixed,all,10:00,P_ft_joint,800,0.15464528769501626,11.781476711554799,P_ft_blk2,-0.7079687913787864,3.375873281202539
fixed,all,10:30,A_blk2,800,0.04516439994487332,,,,
fixed,all,10:30,A_a0,800,0.04972511336543505,2.161377877542892,,,
fixed,all,10:30,B_direct_blk2,800,0.04584087464992063,0.8788082764189298,,,
fixed,all,10:30,B_direct_iv,800,0.23635392605095137,13.368926787919467,,,
fixed,all,10:30,B_joint,800,0.045484667872944765,0.4002333637451276,B_direct_blk2,-2.387091406398117,
fixed,all,10:30,B_joint_realized,800,0.03974596491791955,-2.796272050112402,B_joint,-3.8397708138455373,
fixed,all,10:30,B_ft_blk2,800,0.19220109344510178,8.204080154697442,,,
fixed,all,10:30,B_ft_joint,800,0.16647519139329853,8.90280672267901,B_ft_blk2,-4.376762217466498,
fixed,all,10:30,P_direct_blk2,800,0.04689451047057301,1.7133193797567148,,,2.4780780289248012
fixed,all,10:30,P_direct_iv,800,0.24350820164329604,13.858497971270289,,,4.272184126622238
fixed,all,10:30,P_joint,800,0.04561574526822531,0.4273922121578773,P_direct_blk2,-3.487300132961504,0.28739385532843403
fixed,all,10:30,P_joint_realized,800,0.04339763935006946,-1.0536273676204773,P_joint,-2.2472641040489867,5.210262048021197
fixed,all,10:30,P_ft_blk2,800,0.1879358544491609,8.103282960095623,,,-1.6962954572764577
fixed,all,10:30,P_ft_joint,800,0.16960613313235556,8.496216267911693,P_ft_blk2,-3.375123545241173,1.6977027277939334
fixed,all,11:00,A_blk2,800,0.048479297101733,,,,
fixed,all,11:00,A_a0,800,0.052789663196186956,1.8539303604225,,,
fixed,all,11:00,B_direct_blk2,800,0.049085869112472036,0.76278163471242,,,
fixed,all,11:00,B_direct_iv,800,0.2533016856503447,13.370504452249815,,,
fixed,all,11:00,B_joint,800,0.04845270148998232,-0.0323854767515208,B_direct_blk2,-2.672464713264203,
fixed,all,11:00,B_joint_realized,800,0.0418493538967234,-3.1223351389471588,B_joint,-3.951446211737212,
fixed,all,11:00,B_ft_blk2,800,0.19616451289926196,8.516963593452525,,,
fixed,all,11:00,B_ft_joint,800,0.17467927844856748,8.564138931446754,B_ft_blk2,-3.9560710498045046,
fixed,all,11:00,P_direct_blk2,800,0.050048130173934044,1.548719160854116,,,2.4251988567082594
fixed,all,11:00,P_direct_iv,800,0.2593521113689623,13.758007831379166,,,4.309856673347493
fixed,all,11:00,P_joint,800,0.04861255301493629,0.12333380453397555,P_direct_blk2,-3.5992246915782835,0.3669644555781614
fixed,all,11:00,P_joint_realized,800,0.04605274921478151,-1.3708984630622176,P_joint,-2.3815765838320835,5.915441902978186
fixed,all,11:00,P_ft_blk2,800,0.1950684665999754,8.273125457979061,,,-0.5150144092278461
fixed,all,11:00,P_ft_joint,800,0.1774765485906556,8.31100618756259,P_ft_blk2,-3.3170613442743186,1.8427394790355962
fixed,all,11:30,A_blk2,800,0.05159996914592074,,,,
fixed,all,11:30,A_a0,800,0.05684239419605263,2.0891627282352183,,,
fixed,all,11:30,B_direct_blk2,800,0.05222617863387679,0.7028263939968591,,,
fixed,all,11:30,B_direct_iv,800,0.27216004647502046,13.443488718188771,,,
fixed,all,11:30,B_joint,800,0.051406573664779326,-0.20570211720281723,B_direct_blk2,-3.0493925961835315,
fixed,all,11:30,B_joint_realized,800,0.04430050500818855,-3.164869837915641,B_joint,-3.9202919515980987,
fixed,all,11:30,B_ft_blk2,800,0.20976937811474108,8.459499735917225,,,
fixed,all,11:30,B_ft_joint,800,0.1912982629758826,8.096646550821863,B_ft_blk2,-4.022793731614096,
fixed,all,11:30,P_direct_blk2,800,0.053218115491333665,1.555758851726232,,,2.590270593379929
fixed,all,11:30,P_direct_iv,800,0.2782696078954052,13.710737769053264,,,4.421578937289924
fixed,all,11:30,P_joint,800,0.05170353691897598,0.09194098179347698,P_direct_blk2,-3.485590426100625,0.7316129109120557
fixed,all,11:30,P_joint_realized,800,0.04866314655226999,-1.5399988518689838,P_joint,-2.5175377855143184,6.753844732475023
fixed,all,11:30,P_ft_blk2,800,0.20656717898669197,7.819002506847968,,,-1.4573872625405238
fixed,all,11:30,P_ft_joint,800,0.19499937228252648,7.70574224991515,P_ft_blk2,-2.116221984211358,1.5303040362772091
fixed,all,12:00,A_blk2,800,0.05637338243460723,,,,
fixed,all,12:00,A_a0,800,0.06244611687842103,2.204901113608066,,,
fixed,all,12:00,B_direct_blk2,800,0.0571414835920395,0.987282772452714,,,
fixed,all,12:00,B_direct_iv,800,0.2930282239024971,13.795212543866349,,,
fixed,all,12:00,B_joint,800,0.056085180376752815,-0.33380120708153277,B_direct_blk2,-3.075293991788789,
fixed,all,12:00,B_joint_realized,800,0.04745535645087147,-3.368910412663727,B_joint,-3.972595420876292,
fixed,all,12:00,B_ft_blk2,800,0.24687788582307474,7.793973638902353,,,
fixed,all,12:00,B_ft_joint,800,0.22280912004839493,7.596989455789609,B_ft_blk2,-4.242323737539193,
fixed,all,12:00,P_direct_blk2,800,0.057785509375715575,1.3534078568216303,,,1.7059070413363078
fixed,all,12:00,P_direct_iv,800,0.2977671904834685,13.953775586296839,,,3.71647381755746
fixed,all,12:00,P_joint,800,0.05619854501144502,-0.1533761541817155,P_direct_blk2,-3.366566418312867,0.30109262038492024
fixed,all,12:00,P_joint_realized,800,0.05253581757821989,-1.9036316335687078,P_joint,-2.6715759367984653,5.97867991295904
fixed,all,12:00,P_ft_blk2,800,0.24237799047784173,7.631284143790454,,,-1.4216552362567694
fixed,all,12:00,P_ft_joint,800,0.22381491589607524,7.298909201306639,P_ft_blk2,-3.4009764465640853,0.30623665958314533
fixed,all,12:30,A_blk2,800,0.06193417082945227,,,,
fixed,all,12:30,A_a0,800,0.06785261166858837,2.008699918885351,,,
fixed,all,12:30,B_direct_blk2,800,0.06277522432411682,0.880597748988442,,,
fixed,all,12:30,B_direct_iv,800,0.3088706338140061,13.80089732258636,,,
fixed,all,12:30,B_joint,800,0.061307366436542186,-0.5972345541487694,B_direct_blk2,-3.1223049382455184,
fixed,all,12:30,B_joint_realized,800,0.052080874189713924,-3.4334091509685387,B_joint,-3.8607240478325804,
fixed,all,12:30,B_ft_blk2,800,0.2681899644128691,7.872984931336585,,,
fixed,all,12:30,B_ft_joint,800,0.23757143952975313,8.349486672174667,B_ft_blk2,-3.1544922423712247,
fixed,all,12:30,P_direct_blk2,800,0.06315701025442873,1.1698478920868165,,,1.475694440151955
fixed,all,12:30,P_direct_iv,800,0.3130547500390994,13.889645086759572,,,3.8852807439824786
fixed,all,12:30,P_joint,800,0.061426336812621656,-0.4405672130975596,P_direct_blk2,-3.41060275861312,0.44990985871727884
fixed,all,12:30,P_joint_realized,800,0.05708690864087815,-2.3081206959976814,P_joint,-2.846504114321624,5.630591218711601
fixed,all,12:30,P_ft_blk2,800,0.2698203208069869,7.14070027098523,,,0.44345043175928756
fixed,all,12:30,P_ft_joint,800,0.24250645320217942,7.640816121871945,P_ft_blk2,-2.6771569365442773,1.240721774417296
fixed,all,13:00,A_blk2,800,0.06801975036095599,,,,
fixed,all,13:00,A_a0,800,0.07381991958855631,1.8571346644581388,,,
fixed,all,13:00,B_direct_blk2,800,0.06880986167642987,0.8002526636598053,,,
fixed,all,13:00,B_direct_iv,800,0.32383561190765264,14.13941672074684,,,
fixed,all,13:00,B_joint,800,0.06696087019081819,-0.9541130074795005,B_direct_blk2,-3.248056958795869,
fixed,all,13:00,B_joint_realized,800,0.05711660395067907,-3.6182708361524685,B_joint,-3.8932317645750523,
fixed,all,13:00,B_ft_blk2,800,0.27877496913489674,7.48254061284522,,,
fixed,all,13:00,B_ft_joint,800,0.24983088710072948,7.730480446355295,B_ft_blk2,-2.9121353313482934,
fixed,all,13:00,P_direct_blk2,800,0.06914417865882526,1.1056529734623712,,,1.3355005552688528
fixed,all,13:00,P_direct_iv,800,0.32579824935304713,14.173039279603163,,,2.912853568322444
fixed,all,13:00,P_joint,800,0.06725329447138839,-0.6784732237240717,P_direct_blk2,-3.4715369298844663,1.1717577055380044
fixed,all,13:00,P_joint_realized,800,0.06225084585695049,-2.6730431198601914,P_joint,-3.120296999848725,5.3250529264678095
fixed,all,13:00,P_ft_blk2,800,0.28015948589482237,7.981585905332585,,,0.5983917483278575
fixed,all,13:00,P_ft_joint,800,0.2527572962831302,7.790542479500703,P_ft_blk2,-3.35991888849302,1.478786197840087
fixed,all,13:30,A_blk2,800,0.07697794852087003,,,,
fixed,all,13:30,A_a0,800,0.08160298253678246,1.3929685342135445,,,
fixed,all,13:30,B_direct_blk2,800,0.07794806840439351,0.8283052691560858,,,
fixed,all,13:30,B_direct_iv,800,0.3386581358167096,13.659653732685927,,,
fixed,all,13:30,B_joint,800,0.07493675052460937,-1.4640223334345763,B_direct_blk2,-3.701096780654641,
fixed,all,13:30,B_joint_realized,800,0.06533400148751882,-3.4187862207854116,B_joint,-3.494765605550289,
fixed,all,13:30,B_ft_blk2,800,0.3178026135677159,5.8930849675048975,,,
fixed,all,13:30,B_ft_joint,800,0.2705183760192931,6.889886865978062,B_ft_blk2,-2.5386797633100455,
fixed,all,13:30,P_direct_blk2,800,0.07753581403140916,0.56047057995105,,,-1.3033962447070864
fixed,all,13:30,P_direct_iv,800,0.3406067758168686,13.716841158463453,,,2.9060077665822424
fixed,all,13:30,P_joint,800,0.07533512164889443,-1.4894588742052766,P_direct_blk2,-3.7316240887843035,0.9529273350029938
fixed,all,13:30,P_joint_realized,800,0.06962483511869917,-3.2967294172189696,P_joint,-3.1873688342128386,3.370863862138666
fixed,all,13:30,P_ft_blk2,800,0.32075265857326757,5.424214081014005,,,0.5401488592010238
fixed,all,13:30,P_ft_joint,800,0.2810524305730554,6.071011172536203,P_ft_blk2,-2.5913493121944753,1.485685854978555
fixed,all,14:00,A_blk2,800,0.08477576910050438,,,,
fixed,all,14:00,A_a0,800,0.0894892747762654,1.3464612651411654,,,
fixed,all,14:00,B_direct_blk2,800,0.08605436431312974,1.1268493697517936,,,
fixed,all,14:00,B_direct_iv,800,0.3473542278053585,13.610886824694173,,,
fixed,all,14:00,B_joint,800,0.08180408008261014,-1.9468950359724606,B_direct_blk2,-4.132871911747394,
fixed,all,14:00,B_joint_realized,800,0.07286712507153738,-3.169578930285457,B_joint,-2.9453491810526558,
fixed,all,14:00,B_ft_blk2,800,0.34732482137105636,6.137027622020303,,,
fixed,all,14:00,B_ft_joint,800,0.284311520980602,7.388886632146438,B_ft_blk2,-3.0397095947201187,
fixed,all,14:00,P_direct_blk2,800,0.08511365487526948,0.33663699248272844,,,-2.4129533717610725
fixed,all,14:00,P_direct_iv,800,0.34547696675738615,13.607566670333254,,,-2.4855796267323402
fixed,all,14:00,P_joint,800,0.08255453405542688,-1.9489024712866776,P_direct_blk2,-4.141430927602418,1.1725764443741167
fixed,all,14:00,P_joint_realized,800,0.07661301363022635,-3.5961794171507,P_joint,-3.0412318847514563,2.164070506725786
fixed,all,14:00,P_ft_blk2,800,0.3486908826635925,6.1507129470812,,,0.41434609136174877
fixed,all,14:00,P_ft_joint,800,0.29357905911143745,6.581225101765964,P_ft_blk2,-3.805684962564797,1.2994399614054541
fixed,all,14:30,A_blk2,800,0.06541851624211258,,,,
fixed,all,14:30,A_a0,800,0.07174030915401704,2.22719133138104,,,
fixed,all,14:30,B_direct_blk2,800,0.06709814140038443,1.6893322673321014,,,
fixed,all,14:30,B_direct_iv,800,0.3695048242261228,15.094709984161234,,,
fixed,all,14:30,B_joint,800,0.06508604297216619,-0.30904767327026833,B_direct_blk2,-3.260042366910534,
fixed,all,14:30,B_joint_realized,800,0.06844691386508515,1.1756588002023323,B_joint,1.5205970675818714,
fixed,all,14:30,B_ft_blk2,800,0.14960637739335408,10.170823370778724,,,
fixed,all,14:30,B_ft_joint,800,0.14980748210184913,6.389520173752724,B_ft_blk2,0.027409024131208607,
fixed,all,14:30,P_direct_blk2,800,0.06574427452503886,0.3958834805705828,,,-2.180907727041762
fixed,all,14:30,P_direct_iv,800,0.36047708633264086,15.149285002098559,,,-3.5698300864336354
fixed,all,14:30,P_joint,800,0.06431248129084169,-1.2361281972585112,P_direct_blk2,-3.259283787314045,-1.1898496185163987
fixed,all,14:30,P_joint_realized,800,0.06227475771711814,-2.3366596086248657,P_joint,-1.834112810538594,-2.5010364189491296
fixed,all,14:30,P_ft_blk2,800,0.15965673467276534,13.663017656105655,,,2.9349612239837017
fixed,all,14:30,P_ft_joint,800,0.1438090828939408,9.400027046399396,P_ft_blk2,-3.364025814842734,-0.8785394473238543
fixed,all,15:00,A_blk2,800,0.06080819174145669,,,,
fixed,all,15:00,A_a0,800,0.06869849512301435,2.628297963064955,,,
fixed,all,15:00,B_direct_blk2,800,0.061337943230220106,0.560065526054648,,,
fixed,all,15:00,B_direct_iv,800,0.37846550731430256,15.589334015539952,,,
fixed,all,15:00,B_joint,800,0.060707067113213234,-0.10607458615458105,B_direct_blk2,-1.6572159636997659,
fixed,all,15:00,B_joint_realized,800,0.06435816688085287,2.1298021563923735,B_joint,2.4887052536205427,
fixed,all,15:00,B_ft_blk2,800,0.10061871742920686,9.390587836501505,,,
fixed,all,15:00,B_ft_joint,800,0.10278618578409278,7.601661089229139,B_ft_blk2,0.5159742754295505,
fixed,all,15:00,P_direct_blk2,800,0.0609028911823662,0.14490145058553247,,,-0.8006502082700807
fixed,all,15:00,P_direct_iv,800,0.3685619474421823,15.835541173087448,,,-2.733797186523316
fixed,all,15:00,P_joint,800,0.060362147727217465,-0.6166901123491757,P_direct_blk2,-1.466070620949872,-0.65664581756609
fixed,all,15:00,P_joint_realized,800,0.06070558722279945,-0.11158708401658753,P_joint,0.5419442607544402,-2.2679234436769775
fixed,all,15:00,P_ft_blk2,800,0.11514173310814547,12.493484741243996,,,5.112791486018706
fixed,all,15:00,P_ft_joint,800,0.10685239710596676,10.445841711028882,P_ft_blk2,-2.578310104810273,1.2280057076420825
fixed,all,15:30,A_blk2,800,0.10030712727609094,,,,
fixed,all,15:30,A_a0,800,0.11187100135613605,2.207331535325562,,,
fixed,all,15:30,B_direct_blk2,800,0.1002776317159237,-0.020536030380661454,,,
fixed,all,15:30,B_direct_iv,800,0.3965356307591833,14.094436190263536,,,
fixed,all,15:30,B_joint,800,0.09925648215721561,-0.7148055096341426,B_direct_blk2,-1.5645578838028342,
fixed,all,15:30,B_joint_realized,800,0.10198189749856955,0.6009604309885581,B_joint,1.0067817214811807,
fixed,all,15:30,B_ft_blk2,800,0.1002776317159237,-0.020536030380661454,,,
fixed,all,15:30,B_ft_joint,800,0.10198189749856955,0.6009604309885581,B_ft_blk2,0.6142462545866619,
fixed,all,15:30,P_direct_blk2,800,0.10024329355262657,-0.1425865969564465,,,-0.02167256408086142
fixed,all,15:30,P_direct_iv,800,0.39750219164561357,14.267355095925902,,,0.1615736748746812
fixed,all,15:30,P_joint,800,0.09925203993004432,-1.3478773213540516,P_direct_blk2,-1.6817857869997956,-0.003075128287568545
fixed,all,15:30,P_joint_realized,800,0.10166207244289381,1.1741763462980848,P_joint,2.986780541923435,-0.10713421899064637
fixed,all,15:30,P_ft_blk2,800,0.1006801209978537,0.18282587464548747,,,0.34488540962130965
fixed,all,15:30,P_ft_joint,800,0.10673767909913406,1.6475723658658816,P_ft_blk2,1.9522007206303065,1.840190728943628
fixed,daily_0dte,10:00,A_blk2,489,0.03918874920683961,,,,
fixed,daily_0dte,10:00,A_a0,489,0.04247846100111139,1.3204918951066529,,,
fixed,daily_0dte,10:00,B_direct_blk2,489,0.03954798469983821,0.9710488942935759,,,
fixed,daily_0dte,10:00,B_direct_iv,489,0.13428968500476454,8.249005504995129,,,
fixed,daily_0dte,10:00,B_joint,489,0.03909380769557719,-0.2230127688852965,B_direct_blk2,-3.1295936410214327,
fixed,daily_0dte,10:00,B_joint_realized,489,0.03461968899665187,-2.4604758760576866,B_joint,-2.9305525494969316,
fixed,daily_0dte,10:00,B_ft_blk2,489,0.1462084891997695,8.985917796809975,,,
fixed,daily_0dte,10:00,B_ft_joint,489,0.1225011936709243,9.49366020376795,B_ft_blk2,-4.716312798315202,
fixed,daily_0dte,10:00,P_direct_blk2,489,0.04011869416319625,1.4642030703265043,,,1.9321480644987656
fixed,daily_0dte,10:00,P_direct_iv,489,0.14214862367161535,9.198807302437503,,,5.72349337506926
fixed,daily_0dte,10:00,P_joint,489,0.03819291032719811,-1.1103640518870992,P_direct_blk2,-4.131829199605126,-1.651534267370039
fixed,daily_0dte,10:00,P_joint_realized,489,0.035243724589177634,-1.9277326186697124,P_joint,-2.242730758524743,1.6304057585553042
fixed,daily_0dte,10:00,P_ft_blk2,489,0.1477121279888146,10.445381990065455,,,0.7296470032383013
fixed,daily_0dte,10:00,P_ft_joint,489,0.1362659667293046,9.121929933610087,P_ft_blk2,-2.438640118168882,4.78296476625716
fixed,daily_0dte,10:30,A_blk2,489,0.04301996292781198,,,,
fixed,daily_0dte,10:30,A_a0,489,0.046980436633239024,1.3380863438532102,,,
fixed,daily_0dte,10:30,B_direct_blk2,489,0.04325577369107239,0.5886215941714015,,,
fixed,daily_0dte,10:30,B_direct_iv,489,0.14820417200700572,8.439807070648026,,,
fixed,daily_0dte,10:30,B_joint,489,0.04244571092292203,-1.111713578872682,B_direct_blk2,-3.6901678679091394,
fixed,daily_0dte,10:30,B_joint_realized,489,0.03578720551493778,-2.763415346045004,B_joint,-3.021955553111374,
fixed,daily_0dte,10:30,B_ft_blk2,489,0.18879787254169095,5.846968574604833,,,
fixed,daily_0dte,10:30,B_ft_joint,489,0.15428519048989373,5.9647532040180025,B_ft_blk2,-4.280294964109279,
fixed,daily_0dte,10:30,P_direct_blk2,489,0.04373537305205639,1.1793727809105203,,,2.1497845048285953
fixed,daily_0dte,10:30,P_direct_iv,489,0.154350343890826,9.20796113627111,,,5.166157336695006
fixed,daily_0dte,10:30,P_joint,489,0.041503241931878196,-1.6016761246623286,P_direct_blk2,-4.196603759368627,-2.0686616531167816
fixed,daily_0dte,10:30,P_joint_realized,489,0.03695252841844236,-2.6688413096669,P_joint,-3.024054434176061,2.417629698340915
fixed,daily_0dte,10:30,P_ft_blk2,489,0.18535681023757347,5.516539899760059,,,-1.785463754394196
fixed,daily_0dte,10:30,P_ft_joint,489,0.1596902051352615,5.663032449351583,P_ft_blk2,-3.2285272362582207,2.413503441521025
fixed,daily_0dte,11:00,A_blk2,489,0.046963094026639826,,,,
fixed,daily_0dte,11:00,A_a0,489,0.050800804072216224,1.1749904841561416,,,
fixed,daily_0dte,11:00,B_direct_blk2,489,0.047226163419070225,0.7166090100836566,,,
fixed,daily_0dte,11:00,B_direct_iv,489,0.16230308984089162,8.621337885958722,,,
fixed,daily_0dte,11:00,B_joint,489,0.04589820929141965,-1.844391428097663,B_direct_blk2,-3.998876281120014,
fixed,daily_0dte,11:00,B_joint_realized,489,0.037589513150843405,-3.1463692950059676,B_joint,-3.3007137976510013,
fixed,daily_0dte,11:00,B_ft_blk2,489,0.19225000240304016,6.733764051200009,,,
fixed,daily_0dte,11:00,B_ft_joint,489,0.16232680765034146,6.63881535581703,B_ft_blk2,-4.195293157862961,
fixed,daily_0dte,11:00,P_direct_blk2,489,0.04774781339226846,1.3489590079939486,,,2.1327700685399864
fixed,daily_0dte,11:00,P_direct_iv,489,0.16786019979912226,9.361616673823907,,,4.530351854578493
fixed,daily_0dte,11:00,P_joint,489,0.04524228738344865,-1.7417120712071867,P_direct_blk2,-4.225264658297237,-1.544640278462049
fixed,daily_0dte,11:00,P_joint_realized,489,0.039872756113759705,-2.8955715047673407,P_joint,-3.283888282725245,3.691778747982405
fixed,daily_0dte,11:00,P_ft_blk2,489,0.19106198146423103,6.265776508710598,,,-0.6192755818376425
fixed,daily_0dte,11:00,P_ft_joint,489,0.1666723242620448,6.282143007585432,P_ft_blk2,-3.2642478153840195,2.0200626427030164
fixed,daily_0dte,11:30,A_blk2,489,0.05068740992378611,,,,
fixed,daily_0dte,11:30,A_a0,489,0.05599574402026984,1.4896052335391816,,,
fixed,daily_0dte,11:30,B_direct_blk2,489,0.0509233544846656,0.7331201011740501,,,
fixed,daily_0dte,11:30,B_direct_iv,489,0.17370136706802491,8.872433952516825,,,
fixed,daily_0dte,11:30,B_joint,489,0.04936827253040358,-2.097425848961201,B_direct_blk2,-3.719195848495476,
fixed,daily_0dte,11:30,B_joint_realized,489,0.0396328017307191,-3.344685134881961,B_joint,-3.45726105376032,
fixed,daily_0dte,11:30,B_ft_blk2,489,0.21342658526940975,6.675935459737371,,,
fixed,daily_0dte,11:30,B_ft_joint,489,0.18304815096838903,6.520776533695319,B_ft_blk2,-4.628269303473771,
fixed,daily_0dte,11:30,P_direct_blk2,489,0.05156160839152287,1.563593619757162,,,2.085859612755403
fixed,daily_0dte,11:30,P_direct_iv,489,0.17804378755030043,9.52812450174997,,,3.8767274935473894
fixed,daily_0dte,11:30,P_joint,489,0.04888512062258016,-1.7558332412371338,P_direct_blk2,-4.086868337575269,-1.1291211227168796
fixed,daily_0dte,11:30,P_joint_realized,489,0.04259899285991304,-3.019795971044719,P_joint,-3.4193046496056216,4.152110079355752
fixed,daily_0dte,11:30,P_ft_blk2,489,0.21026390563311204,5.961242272706089,,,-1.014980862055275
fixed,daily_0dte,11:30,P_ft_joint,489,0.18725234197555946,5.871277645055111,P_ft_blk2,-3.057854521567749,1.209628559587416
fixed,daily_0dte,12:00,A_blk2,489,0.055891650136387104,,,,
fixed,daily_0dte,12:00,A_a0,489,0.06218446708119344,1.6154072303354088,,,
fixed,daily_0dte,12:00,B_direct_blk2,489,0.05623550343080455,1.0885041042844283,,,
fixed,daily_0dte,12:00,B_direct_iv,489,0.18895669162579068,9.028989011643691,,,
fixed,daily_0dte,12:00,B_joint,489,0.05426865245125544,-2.1931509852067625,B_direct_blk2,-3.6543447485877327,
fixed,daily_0dte,12:00,B_joint_realized,489,0.0420913782736149,-3.5698830117542557,B_joint,-3.6837889723853734,
fixed,daily_0dte,12:00,B_ft_blk2,489,0.2584448166352673,6.155122434363232,,,
fixed,daily_0dte,12:00,B_ft_joint,489,0.21794558217925303,6.021159408475338,B_ft_blk2,-4.8655299305611726,
fixed,daily_0dte,12:00,P_direct_blk2,489,0.05685085404777026,1.9144059792589574,,,2.1517342591496695
fixed,daily_0dte,12:00,P_direct_iv,489,0.19191700081031396,9.527577555974998,,,2.6415408719023192
fixed,daily_0dte,12:00,P_joint,489,0.05401191809989305,-1.8275527804057614,P_direct_blk2,-3.9752240500706306,-0.7501634264393395
fixed,daily_0dte,12:00,P_joint_realized,489,0.046394107840858144,-3.2835687038813433,P_joint,-3.6867963669666026,4.148509561768769
fixed,daily_0dte,12:00,P_ft_blk2,489,0.25801984987025495,5.8963396938654595,,,-0.23966779102263341
fixed,daily_0dte,12:00,P_ft_joint,489,0.2245976868528089,5.63092307299101,P_ft_blk2,-4.505173458942804,1.909852679495357
fixed,daily_0dte,12:30,A_blk2,489,0.06193448283122568,,,,
fixed,daily_0dte,12:30,A_a0,489,0.06825344413560863,1.5205520213856125,,,
fixed,daily_0dte,12:30,B_direct_blk2,489,0.06243170568687181,2.0309341962584746,,,
fixed,daily_0dte,12:30,B_direct_iv,489,0.20106617353026052,9.148336907987124,,,
fixed,daily_0dte,12:30,B_joint,489,0.05971410365067862,-2.6390105803747126,B_direct_blk2,-3.786638538437124,
fixed,daily_0dte,12:30,B_joint_realized,489,0.04547336578419613,-3.8447778292884482,B_joint,-3.8622100215343695,
fixed,daily_0dte,12:30,B_ft_blk2,489,0.3005999394061373,5.872600976102222,,,
fixed,daily_0dte,12:30,B_ft_joint,489,0.24556616218510174,6.0002282161216005,B_ft_blk2,-4.160234030649191,
fixed,daily_0dte,12:30,P_direct_blk2,489,0.06297607287579152,2.521880643151387,,,2.170812548234492
fixed,daily_0dte,12:30,P_direct_iv,489,0.20272153444613258,9.469342190473803,,,1.6612916051117523
fixed,daily_0dte,12:30,P_joint,489,0.05986473839545471,-2.070961439553231,P_direct_blk2,-4.0142327212640625,0.5886741810300308
fixed,daily_0dte,12:30,P_joint_realized,489,0.05099558224396065,-3.590633573898962,P_joint,-3.896686953403349,4.31592630950302
fixed,daily_0dte,12:30,P_ft_blk2,489,0.3051288528046558,5.367894788729084,,,0.8663192633624909
fixed,daily_0dte,12:30,P_ft_joint,489,0.2566641011117774,5.525430071703766,P_ft_blk2,-3.4491006922440772,2.066885733942698
fixed,daily_0dte,13:00,A_blk2,489,0.0686894929956213,,,,
fixed,daily_0dte,13:00,A_a0,489,0.07507977450255807,1.4548528514111223,,,
fixed,daily_0dte,13:00,B_direct_blk2,489,0.06925918154591794,2.789551929160857,,,
fixed,daily_0dte,13:00,B_direct_iv,489,0.21882315158144516,9.533632251582208,,,
fixed,daily_0dte,13:00,B_joint,489,0.06592323983123222,-2.9278084077469497,B_direct_blk2,-3.8071581585110303,
fixed,daily_0dte,13:00,B_joint_realized,489,0.050291737682568054,-4.036689657802482,B_joint,-3.957343494759305,
fixed,daily_0dte,13:00,B_ft_blk2,489,0.3203957396576146,5.796721536285931,,,
fixed,daily_0dte,13:00,B_ft_joint,489,0.26409661683693364,5.855353907465336,B_ft_blk2,-3.884314339674152,
fixed,daily_0dte,13:00,P_direct_blk2,489,0.06983014187775158,3.5588193934619525,,,2.1392333008183857
fixed,daily_0dte,13:00,P_direct_iv,489,0.21920310113082317,9.690071544856712,,,0.5060321766298982
fixed,daily_0dte,13:00,P_joint,489,0.06644652601282772,-2.3318993906032404,P_direct_blk2,-4.053923058163954,2.0833104442078074
fixed,daily_0dte,13:00,P_joint_realized,489,0.05665131349970759,-3.833359312726362,P_joint,-4.015607160620575,4.363321860928508
fixed,daily_0dte,13:00,P_ft_blk2,489,0.3220827947837481,6.153135368540385,,,0.641474809685368
fixed,daily_0dte,13:00,P_ft_joint,489,0.2695186912346198,5.806102582061732,P_ft_blk2,-4.722164640575653,2.528335277638303
fixed,daily_0dte,13:30,A_blk2,489,0.07784377069393368,,,,
fixed,daily_0dte,13:30,A_a0,489,0.08341123416081934,1.196891077058253,,,
fixed,daily_0dte,13:30,B_direct_blk2,489,0.07868645931610989,2.9145363524298094,,,
fixed,daily_0dte,13:30,B_direct_iv,489,0.22918295277221146,9.38197895676288,,,
fixed,daily_0dte,13:30,B_joint,489,0.0735565516611262,-3.164316943465782,B_direct_blk2,-4.086351841420819,
fixed,daily_0dte,13:30,B_joint_realized,489,0.05707664249170127,-4.052216720895184,B_joint,-3.9043577522934014,
fixed,daily_0dte,13:30,B_ft_blk2,489,0.38141548757280913,4.61697585060787,,,
fixed,daily_0dte,13:30,B_ft_joint,489,0.285637784410769,4.975218088116064,B_ft_blk2,-3.417044434966918,
fixed,daily_0dte,13:30,P_direct_blk2,489,0.07880652205495114,4.254764833460211,,,0.38725138207235593
fixed,daily_0dte,13:30,P_direct_iv,489,0.23047790288282669,9.548946048655361,,,2.0909231169113522
fixed,daily_0dte,13:30,P_joint,489,0.07493901277350416,-3.300916992898017,P_direct_blk2,-4.281504409757676,2.506850434534204
fixed,daily_0dte,13:30,P_joint_realized,489,0.06393816053376795,-4.247298715066742,P_joint,-4.04864792771851,3.6381291505102777
fixed,daily_0dte,13:30,P_ft_blk2,489,0.386263997826578,4.2775952581066985,,,0.6843638747155538
fixed,daily_0dte,13:30,P_ft_joint,489,0.31174174249143016,4.509015697145583,P_ft_blk2,-3.1717788701599656,2.3694978709316232
fixed,daily_0dte,14:00,A_blk2,489,0.08473257392059169,,,,
fixed,daily_0dte,14:00,A_a0,489,0.09135197952891007,1.353569383873726,,,
fixed,daily_0dte,14:00,B_direct_blk2,489,0.0857680094831236,4.2926718432895115,,,
fixed,daily_0dte,14:00,B_direct_iv,489,0.24242029201874896,9.603130176571504,,,
fixed,daily_0dte,14:00,B_joint,489,0.07919951517457444,-3.5433557784828618,B_direct_blk2,-4.119438499104646,
fixed,daily_0dte,14:00,B_joint_realized,489,0.062355752209450645,-4.16141422247698,B_joint,-3.8617464482590993,
fixed,daily_0dte,14:00,B_ft_blk2,489,0.3880130873600661,4.468824660663633,,,
fixed,daily_0dte,14:00,B_ft_joint,489,0.294781726910055,5.07423987184477,B_ft_blk2,-2.9528139222238883,
fixed,daily_0dte,14:00,P_direct_blk2,489,0.08555889631358893,2.776456255201764,,,-0.7240259645875854
fixed,daily_0dte,14:00,P_direct_iv,489,0.24208538794914822,9.615898323103034,,,-0.9417230179196416
fixed,daily_0dte,14:00,P_joint,489,0.0814506426946042,-4.154985596951509,P_direct_blk2,-4.387119739709321,2.6442715456656374
fixed,daily_0dte,14:00,P_joint_realized,489,0.06968065555129979,-4.545338906530254,P_joint,-4.060488100308512,3.4773737953863315
fixed,daily_0dte,14:00,P_ft_blk2,489,0.3948498835455036,4.533926579430421,,,1.713475166288515
fixed,daily_0dte,14:00,P_ft_joint,489,0.3189585130169959,4.697306367947241,P_ft_blk2,-3.496003502350263,2.37758473348243
fixed,daily_0dte,14:30,A_blk2,489,0.06969419225878087,,,,
fixed,daily_0dte,14:30,A_a0,489,0.07882691304329857,2.3311053954267993,,,
fixed,daily_0dte,14:30,B_direct_blk2,489,0.07157420723970782,3.64957818011899,,,
fixed,daily_0dte,14:30,B_direct_iv,489,0.26652557265141724,12.663717981993589,,,
fixed,daily_0dte,14:30,B_joint,489,0.06804362561070011,-1.844279809877911,B_direct_blk2,-4.096246953169116,
fixed,daily_0dte,14:30,B_joint_realized,489,0.06743562885291611,-2.3467213302331698,B_joint,-1.103144093287928,
fixed,daily_0dte,14:30,B_ft_blk2,489,0.17087293400922535,8.507023850853951,,,
fixed,daily_0dte,14:30,B_ft_joint,489,0.16190157442308753,5.043051174405431,B_ft_blk2,-0.9833562535977365,
fixed,daily_0dte,14:30,P_direct_blk2,489,0.07077172917643489,3.20138405104273,,,-3.813069778069624
fixed,daily_0dte,14:30,P_direct_iv,489,0.2605001412319069,12.214056078801821,,,-4.388849079053194
fixed,daily_0dte,14:30,P_joint,489,0.0682056035997345,-2.069236447691801,P_direct_blk2,-3.9793890465937154,0.8566166311841017
fixed,daily_0dte,14:30,P_joint_realized,489,0.0637884527926253,-3.1823822139755316,P_joint,-2.7232202821272,-2.8096435346449278
fixed,daily_0dte,14:30,P_ft_blk2,489,0.18793747675456282,11.730255316139786,,,3.929628455841358
fixed,daily_0dte,14:30,P_ft_joint,489,0.1610262146288283,7.231323307771639,P_ft_blk2,-4.370861992711125,-0.12942261515519024
fixed,daily_0dte,15:00,A_blk2,489,0.057618515850839006,,,,
fixed,daily_0dte,15:00,A_a0,489,0.07021182494340465,3.106161153026748,,,
fixed,daily_0dte,15:00,B_direct_blk2,489,0.05889523861108695,1.5752178507365366,,,
fixed,daily_0dte,15:00,B_direct_iv,489,0.28477401165067445,14.152604986692207,,,
fixed,daily_0dte,15:00,B_joint,489,0.0578721341609991,0.28760463965598154,B_direct_blk2,-2.4581025817322524,
fixed,daily_0dte,15:00,B_joint_realized,489,0.05903307736419126,1.2061503840884904,B_joint,1.3511931985728705,
fixed,daily_0dte,15:00,B_ft_blk2,489,0.09996867647064285,8.072410577457886,,,
fixed,daily_0dte,15:00,B_ft_joint,489,0.09713600375010617,6.3114291161121425,B_ft_blk2,-0.8845847503147362,
fixed,daily_0dte,15:00,P_direct_blk2,489,0.057944384696141125,0.8732941252032133,,,-2.0183916023793325
fixed,daily_0dte,15:00,P_direct_iv,489,0.2775369238960752,13.44252035775234,,,-2.5463049833582665
fixed,daily_0dte,15:00,P_joint,489,0.05705566194813036,-0.9031723575684169,P_direct_blk2,-1.8021059081818323,-1.9858535606433803
fixed,daily_0dte,15:00,P_joint_realized,489,0.057472900254017155,-0.14877497112050705,P_joint,0.4978709338591152,-0.9356251830563745
fixed,daily_0dte,15:00,P_ft_blk2,489,0.11763083918176881,11.062141501196939,,,6.205079810649619
fixed,daily_0dte,15:00,P_ft_joint,489,0.10726242508857158,9.042378247742947,P_ft_blk2,-3.0932952713321282,2.9824726598363482
fixed,daily_0dte,15:30,A_blk2,489,0.09435049270257481,,,,
fixed,daily_0dte,15:30,A_a0,489,0.11260121199342163,2.3718868323791433,,,
fixed,daily_0dte,15:30,B_direct_blk2,489,0.09399040673175242,-0.23694369109888838,,,
fixed,daily_0dte,15:30,B_direct_iv,489,0.30066995381741046,12.385918811098152,,,
fixed,daily_0dte,15:30,B_joint,489,0.09232746944560137,-1.236989151834602,B_direct_blk2,-2.4411280158752873,
fixed,daily_0dte,15:30,B_joint_realized,489,0.09113036556373397,-1.3761617096296548,B_joint,-0.6005523713115377,
fixed,daily_0dte,15:30,B_ft_blk2,489,0.09399040673175242,-0.23694369109888838,,,
fixed,daily_0dte,15:30,B_ft_joint,489,0.09113036556373397,-1.3761617096296548,B_ft_blk2,-1.3199840285903863,
fixed,daily_0dte,15:30,P_direct_blk2,489,0.09374567150633076,-1.317507786001172,,,-0.13767825227719846
fixed,daily_0dte,15:30,P_direct_iv,489,0.3044751897609425,11.440340746820512,,,0.7209228556647146
fixed,daily_0dte,15:30,P_joint,489,0.09205743147023378,-2.3932314739756486,P_direct_blk2,-2.034352597104713,-0.17163404163550303
fixed,daily_0dte,15:30,P_joint_realized,489,0.09675494650925565,1.5805364298064435,P_joint,4.493212605842417,1.7508754502751542
fixed,daily_0dte,15:30,P_ft_blk2,489,0.09690082678113333,0.8825904605612599,,,2.0098605451100173
fixed,daily_0dte,15:30,P_ft_joint,489,0.09956569131892137,1.172136670431632,P_ft_blk2,0.8649068061441445,2.8173649226444817
asis,all,10:00,A_blk2,800,0.06473468240711104,,,,
asis,all,10:00,A_a0,800,0.06869095477480534,1.427283271718804,,,
asis,all,10:00,B_direct_blk2,800,0.06547247478977743,0.8121825088160777,,,
asis,all,10:00,B_direct_iv,800,0.2725981959086198,14.233842445789406,,,
asis,all,10:00,B_joint,800,0.06545947685342561,0.7835176186704481,B_direct_blk2,-0.08119535271616758,
asis,all,10:00,B_joint_realized,800,0.06621329121479652,1.5053000717084168,B_joint,1.9015130328017438,
asis,all,10:00,B_ft_blk2,800,0.2880236925830816,5.895642485571597,,,
asis,all,10:00,B_ft_joint,800,0.18687018059464136,6.861615113579547,B_ft_blk2,-4.302033658315797,
asis,all,10:00,P_direct_blk2,800,0.06861841392046289,2.7014093109100195,,,3.868853105604994
asis,all,10:00,P_direct_iv,800,0.3087501260194312,15.03030842769793,,,4.88961945469409
asis,all,10:00,P_joint,800,0.07017989575374277,3.1053514489959397,P_direct_blk2,3.3621522584845467,4.320508129652093
asis,all,10:00,P_joint_realized,800,0.07163992584641402,3.1971827792157703,P_joint,1.2674207333032836,3.8136264320433972
asis,all,10:00,P_ft_blk2,800,0.27719273280496126,5.926493575040681,,,-3.3102855061847625
asis,all,10:00,P_ft_joint,800,0.23177503551872683,5.5951770709036825,P_ft_blk2,-3.5817833403721036,3.3405730796234936
asis,all,10:30,A_blk2,800,0.06778814316931868,,,,
asis,all,10:30,A_a0,800,0.07162381841714423,1.3761718707587243,,,
asis,all,10:30,B_direct_blk2,800,0.06878591173267141,1.139676200463176,,,
asis,all,10:30,B_direct_iv,800,0.29307559657052723,14.292283638944868,,,
asis,all,10:30,B_joint,800,0.06880757931252297,1.1196760735577647,B_direct_blk2,0.10433127216904106,
asis,all,10:30,B_joint_realized,800,0.05831614853277328,-2.3774777864380447,B_joint,-2.9035772252751126,
asis,all,10:30,B_ft_blk2,800,0.27356503339753907,5.443507109084684,,,
asis,all,10:30,B_ft_joint,800,0.10613827608895837,4.247861661033358,B_ft_blk2,-4.176698575052614,
asis,all,10:30,P_direct_blk2,800,0.07165867170069029,2.609032739545555,,,3.6690176469577214
asis,all,10:30,P_direct_iv,800,0.3225825717704548,15.042705379636859,,,4.465616147808718
asis,all,10:30,P_joint,800,0.07315392891585104,2.9898505324706925,P_direct_blk2,3.0166141262458632,4.035408488838314
asis,all,10:30,P_joint_realized,800,0.0686031152614119,0.33181809153148883,P_joint,-3.8503864455285695,4.137682173448297
asis,all,10:30,P_ft_blk2,800,0.26227029449939915,6.098076968978792,,,-1.6500281116771987
asis,all,10:30,P_ft_joint,800,0.1341063313706554,7.189015153114041,P_ft_blk2,-4.70814215452593,3.5488523062714536
asis,all,11:00,A_blk2,800,0.06070024186508965,,,,
asis,all,11:00,A_a0,800,0.0647172846727927,1.733457949281756,,,
asis,all,11:00,B_direct_blk2,800,0.06151225282039724,1.0527509231619827,,,
asis,all,11:00,B_direct_iv,800,0.30140108108267755,14.15697144876863,,,
asis,all,11:00,B_joint,800,0.061644824197169726,1.2328057854966266,B_direct_blk2,0.9204968513058015,
asis,all,11:00,B_joint_realized,800,0.058843702198720836,-1.0944736376448816,B_joint,-1.8595305738791468,
asis,all,11:00,B_ft_blk2,800,0.20280416774869345,15.48768749460251,,,
asis,all,11:00,B_ft_joint,800,0.13984365432987883,8.685428448294093,B_ft_blk2,-6.7538614488078546,
asis,all,11:00,P_direct_blk2,800,0.06432538087768619,2.7454907343880444,,,4.069499351971901
asis,all,11:00,P_direct_iv,800,0.3183218878986614,15.306242400236085,,,3.1716337537583073
asis,all,11:00,P_joint,800,0.06579098002876399,3.269081935876344,P_direct_blk2,3.4784823202063406,4.283100435267998
asis,all,11:00,P_joint_realized,800,0.06392568276937441,1.8870318123095133,P_joint,-2.5961976835460026,3.799416920457257
asis,all,11:00,P_ft_blk2,800,0.1987248888617121,16.30682434927369,,,-1.4561699180409353
asis,all,11:00,P_ft_joint,800,0.15889976696055907,12.035448940405152,P_ft_blk2,-6.307458477786677,4.174142967527741
asis,all,11:30,A_blk2,800,0.07007342924920983,,,,
asis,all,11:30,A_a0,800,0.07326883251387764,1.273368431848474,,,
asis,all,11:30,B_direct_blk2,800,0.07073743717898723,0.8759470742607417,,,
asis,all,11:30,B_direct_iv,800,0.3781339977483411,15.671726670341538,,,
asis,all,11:30,B_joint,800,0.07069756265781237,0.7425762792584292,B_direct_blk2,-0.15455221847259837,
asis,all,11:30,B_joint_realized,800,0.07076886736363885,0.7424506843761821,B_joint,0.21624194220045062,
asis,all,11:30,B_ft_blk2,800,0.16555382300121377,9.464215630425775,,,
asis,all,11:30,B_ft_joint,800,0.16194962505014035,10.092691374546165,B_ft_blk2,-1.1785444873932676,
asis,all,11:30,P_direct_blk2,800,0.0738567488127455,2.913009618699894,,,4.205352520168605
asis,all,11:30,P_direct_iv,800,0.3829337794969993,16.498108448179924,,,1.072926530955123
asis,all,11:30,P_joint,800,0.07515669665004551,3.279272115888339,P_direct_blk2,2.7416698424993053,5.33308849271355
asis,all,11:30,P_joint_realized,800,0.07551740345491685,2.516163095203655,P_joint,0.33949686262248,3.0531615461353403
asis,all,11:30,P_ft_blk2,800,0.17381183969902417,13.62413453010413,,,1.4815401198984022
asis,all,11:30,P_ft_joint,800,0.1669273941493146,10.499786519667017,P_ft_blk2,-0.966085372722917,0.6865436463678094
asis,all,12:00,A_blk2,800,0.06690245045151197,,,,
asis,all,12:00,A_a0,800,0.07265608616670552,2.0498889612113844,,,
asis,all,12:00,B_direct_blk2,800,0.06755244470753252,0.728957932070464,,,
asis,all,12:00,B_direct_iv,800,0.37639408633040483,13.847697473855506,,,
asis,all,12:00,B_joint,800,0.06751861775987286,0.6440523628750706,B_direct_blk2,-0.14173235237855758,
asis,all,12:00,B_joint_realized,800,0.06709291460790738,0.12354040316028767,B_joint,-0.4133482803834683,
asis,all,12:00,B_ft_blk2,800,0.21122621609210554,10.361485106312179,,,
asis,all,12:00,B_ft_joint,800,0.1180781214091471,5.244533958466529,B_ft_blk2,-6.6488937990660615,
asis,all,12:00,P_direct_blk2,800,0.06924372358948976,1.9410618553820478,,,3.88512622148778
asis,all,12:00,P_direct_iv,800,0.37230178704066014,14.633803606473371,,,-1.013113058828273
asis,all,12:00,P_joint,800,0.07026984613000714,2.334120593730966,P_direct_blk2,2.1040709601033165,4.760177628085844
asis,all,12:00,P_joint_realized,800,0.07044342217114215,1.9589059306322159,P_joint,0.21114362104276466,5.059413365894166
asis,all,12:00,P_ft_blk2,800,0.2764875972981287,11.169042510499951,,,8.212049493382588
asis,all,12:00,P_ft_joint,800,0.12602374539903533,7.402024805891546,P_ft_blk2,-8.704107176426088,2.590177558599317
asis,all,12:30,A_blk2,800,0.09698580469079338,,,,
asis,all,12:30,A_a0,800,0.10586354460257852,2.4965543992868358,,,
asis,all,12:30,B_direct_blk2,800,0.09867983716931088,1.0846937206849239,,,
asis,all,12:30,B_direct_iv,800,0.3968129775526894,6.977054334252072,,,
asis,all,12:30,B_joint,800,0.09952612150686525,1.618804329088579,B_direct_blk2,2.1388623924890915,
asis,all,12:30,B_joint_realized,800,0.10016871356339957,1.9962848632432044,B_joint,2.839210761203958,
asis,all,12:30,B_ft_blk2,800,0.3320329017942518,11.281737588863985,,,
asis,all,12:30,B_ft_joint,800,0.20177245432789456,7.13275240757738,B_ft_blk2,-7.968291868082453,
asis,all,12:30,P_direct_blk2,800,0.09856952460924705,1.1982972380146348,,,-0.18614853436566167
asis,all,12:30,P_direct_iv,800,0.3838813322154577,7.757363376799918,,,-1.9065701402361257
asis,all,12:30,P_joint,800,0.10005785108652229,2.139951402420063,P_direct_blk2,2.6028129916838156,0.7120084788041807
asis,all,12:30,P_joint_realized,800,0.10037586766591013,2.0511690659544737,P_joint,0.5215193996717811,0.2125781249433607
asis,all,12:30,P_ft_blk2,800,0.3908188498597287,12.896473074811576,,,5.851851581007531
asis,all,12:30,P_ft_joint,800,0.24141820663809174,11.573296800962254,P_ft_blk2,-9.430680731533458,5.431498920992779
asis,all,13:00,A_blk2,800,0.0835349268503431,,,,
asis,all,13:00,A_a0,800,0.09206899911250468,2.7579600544080485,,,
asis,all,13:00,B_direct_blk2,800,0.0839992321481749,0.3352489143368864,,,
asis,all,13:00,B_direct_iv,800,0.3981494587873188,6.671287866039543,,,
asis,all,13:00,B_joint,800,0.0845598848950857,0.7176529135179261,B_direct_blk2,0.7665607273654672,
asis,all,13:00,B_joint_realized,800,0.08499053422916117,0.984475806714172,B_joint,1.2270779806909322,
asis,all,13:00,B_ft_blk2,800,0.2587205608764607,9.811079783279133,,,
asis,all,13:00,B_ft_joint,800,0.21381912897988883,8.75002832015805,B_ft_blk2,-4.143543400966042,
asis,all,13:00,P_direct_blk2,800,0.08415225977634753,0.43486495895897637,,,0.29261930794243196
asis,all,13:00,P_direct_iv,800,0.38672715151432313,7.688941520394412,,,-1.291271109907345
asis,all,13:00,P_joint,800,0.08500869892015388,0.97098014719784,P_direct_blk2,1.5668498217376954,0.974556423601926
asis,all,13:00,P_joint_realized,800,0.08540086810162567,1.0783274260995281,P_joint,0.5338899512224302,0.588260917398441
asis,all,13:00,P_ft_blk2,800,0.25890920292603076,9.478313226087044,,,0.057850359316597544
asis,all,13:00,P_ft_joint,800,0.21092385255541735,8.300885935487113,P_ft_blk2,-4.080297449942489,-0.8574357725508205
asis,all,13:30,A_blk2,800,0.09086611778388973,,,,
asis,all,13:30,A_a0,800,0.09824250930040503,2.342588037530472,,,
asis,all,13:30,B_direct_blk2,800,0.08932655678430672,-0.8856658861831852,,,
asis,all,13:30,B_direct_iv,800,0.40296478020551485,8.411934456442856,,,
asis,all,13:30,B_joint,800,0.0904138891883295,-0.24072084724882037,B_direct_blk2,1.0894964253922068,
asis,all,13:30,B_joint_realized,800,0.0909124146967584,0.023580470162402216,B_joint,1.2122675846295146,
asis,all,13:30,B_ft_blk2,800,0.22861281409057127,7.561485502418708,,,
asis,all,13:30,B_ft_joint,800,0.1796840467966173,7.562261370787599,B_ft_blk2,-3.6269957785877787,
asis,all,13:30,P_direct_blk2,800,0.08866284615324513,-1.669444182913669,,,-1.1502917353936002
asis,all,13:30,P_direct_iv,800,0.3980285435970677,9.151890283242446,,,-0.8278453628913208
asis,all,13:30,P_joint,800,0.08905496571034469,-1.279518137760995,P_direct_blk2,0.6337877553708317,-1.969492714394771
asis,all,13:30,P_joint_realized,800,0.08928472884809623,-0.9808196490895528,P_joint,0.36454569022052125,-2.1020651892588496
asis,all,13:30,P_ft_blk2,800,0.2355039548578882,8.232543070015709,,,1.9279317682323127
asis,all,13:30,P_ft_joint,800,0.1744833230759558,7.480476656600317,P_ft_blk2,-5.346353606318666,-1.8162674838552169
asis,all,14:00,A_blk2,800,0.10132970939139394,,,,
asis,all,14:00,A_a0,800,0.10753009611354956,1.8176186412381294,,,
asis,all,14:00,B_direct_blk2,800,0.09978263178992544,-1.1285368916600846,,,
asis,all,14:00,B_direct_iv,800,0.4159554552777084,9.782567309752238,,,
asis,all,14:00,B_joint,800,0.10335906950217502,1.0070339095182275,B_direct_blk2,2.2163422035176144,
asis,all,14:00,B_joint_realized,800,0.10404276069116836,1.2158186691161141,B_joint,1.2912466401709846,
asis,all,14:00,B_ft_blk2,800,0.21301870824283425,11.817760569868812,,,
asis,all,14:00,B_ft_joint,800,0.16937645666600656,7.0104811486744785,B_ft_blk2,-4.688492372980084,
asis,all,14:00,P_direct_blk2,800,0.09988309845957176,-1.109001370220891,,,0.17348708071013805
asis,all,14:00,P_direct_iv,800,0.4132149162940912,10.635147052301198,,,-0.4819654065601956
asis,all,14:00,P_joint,800,0.10092361356106676,-0.28522753507888876,P_direct_blk2,1.5080755568725601,-2.211621192738071
asis,all,14:00,P_joint_realized,800,0.10072044984963195,-0.36302489681294575,P_joint,-0.31399196060144663,-2.4320095396940733
asis,all,14:00,P_ft_blk2,800,0.20788502726144933,11.462804607929888,,,-1.5097521826456688
asis,all,14:00,P_ft_joint,800,0.16525211342614476,7.871992242775472,P_ft_blk2,-5.878545336876231,-0.8552520564088996
asis,all,14:30,A_blk2,800,0.1402100270520374,,,,
asis,all,14:30,A_a0,800,0.14953235756837344,2.087589278580634,,,
asis,all,14:30,B_direct_blk2,800,0.13675422181760585,-1.7785685921666443,,,
asis,all,14:30,B_direct_iv,800,0.4648211641597279,9.639744983163506,,,
asis,all,14:30,B_joint,800,0.14211485100795473,0.576717485141168,B_direct_blk2,2.009421201466261,
asis,all,14:30,B_joint_realized,800,0.14095261240704116,0.18514554160720337,B_joint,-0.934288367257617,
asis,all,14:30,B_ft_blk2,800,0.22576174340572636,9.482118930339295,,,
asis,all,14:30,B_ft_joint,800,0.21153372325697525,7.61659276254593,B_ft_blk2,-2.0666542595358024,
asis,all,14:30,P_direct_blk2,800,0.13674040595834175,-2.6142689119757523,,,-0.012925676405860568
asis,all,14:30,P_direct_iv,800,0.46221586124911546,10.07040769617119,,,-0.46304564272633136
asis,all,14:30,P_joint,800,0.13744623564559239,-1.757969744543039,P_direct_blk2,0.697432342944254,-2.1750479479513314
asis,all,14:30,P_joint_realized,800,0.13519820566746596,-2.5189077209543416,P_joint,-2.738716143167694,-2.2753771818022446
asis,all,14:30,P_ft_blk2,800,0.22062843941158367,8.55559228535168,,,-2.4124623019246085
asis,all,14:30,P_ft_joint,800,0.1998180716355736,6.227442805516742,P_ft_blk2,-3.0847268988915193,-1.9904795278876302
asis,all,15:00,A_blk2,800,0.16638789160054077,,,,
asis,all,15:00,A_a0,800,0.14522614390069538,-3.12571962712196,,,
asis,all,15:00,B_direct_blk2,800,0.16002285980305941,-2.4053205727071285,,,
asis,all,15:00,B_direct_iv,800,0.48767010860837035,7.731759824872677,,,
asis,all,15:00,B_joint,800,0.16379649063150228,-0.7730120976696321,B_direct_blk2,2.005680768605208,
asis,all,15:00,B_joint_realized,800,0.16440097249076183,-0.47518582982388496,B_joint,0.41150876976624023,
asis,all,15:00,B_ft_blk2,800,0.2145961061754459,6.19909423016651,,,
asis,all,15:00,B_ft_joint,800,0.2177548722384671,5.699526900284204,B_ft_blk2,0.6862220979979279,
asis,all,15:00,P_direct_blk2,800,0.16076875727939488,-3.5414272974374787,,,0.4583765759893069
asis,all,15:00,P_direct_iv,800,0.498064649504778,7.523323795773363,,,1.2611106560916066
asis,all,15:00,P_joint,800,0.1636237023608423,-1.2343877272183423,P_direct_blk2,1.7177361544206815,-0.08974680909164257
asis,all,15:00,P_joint_realized,800,0.1612364887092454,-1.855433980313791,P_joint,-2.3692137942982057,-1.5215489533832585
asis,all,15:00,P_ft_blk2,800,0.20828778002828102,4.542097148884121,,,-2.049117418526945
asis,all,15:00,P_ft_joint,800,0.21477247597397578,4.177118228707142,P_ft_blk2,0.9403330568465743,-0.4662180900296846
asis,all,15:30,A_blk2,800,0.25278293592197004,,,,
asis,all,15:30,A_a0,800,0.2377704362525069,-1.827615118166044,,,
asis,all,15:30,B_direct_blk2,800,0.23568508167021998,-3.38789572561686,,,
asis,all,15:30,B_direct_iv,800,0.5838195512311521,6.320519541645453,,,
asis,all,15:30,B_joint,800,0.24162537791931907,-1.854558179158049,B_direct_blk2,2.257861332779315,
asis,all,15:30,B_joint_realized,800,0.23696672953026582,-2.0109406714151725,B_joint,-1.5265289936837634,
asis,all,15:30,B_ft_blk2,800,0.23568508167021998,-3.38789572561686,,,
asis,all,15:30,B_ft_joint,800,0.23696672953026582,-2.0109406714151725,B_ft_blk2,0.25646534888874056,
asis,all,15:30,P_direct_blk2,800,0.2514139803130786,-0.450673728817617,,,2.6660362723760893
asis,all,15:30,P_direct_iv,800,0.6390927398022129,5.806594832467337,,,2.4682346008776612
asis,all,15:30,P_joint,800,0.25531394185977585,0.694762090768163,P_direct_blk2,1.7565936328366734,2.051140030284591
asis,all,15:30,P_joint_realized,800,0.24837898385574486,-1.1111824708073132,P_joint,-4.281063958969453,1.6428171874833866
asis,all,15:30,P_ft_blk2,800,0.22987056156790728,-2.899316454709057,,,-1.5129013265174958
asis,all,15:30,P_ft_joint,800,0.24236320011656207,-0.8052231039959112,P_ft_blk2,1.5228829771309313,0.621171373608673
asis,daily_0dte,10:00,A_blk2,489,0.06789454671190376,,,,
asis,daily_0dte,10:00,A_a0,489,0.0728079301534099,1.2586631073628682,,,
asis,daily_0dte,10:00,B_direct_blk2,489,0.06870972341639375,3.54426330796067,,,
asis,daily_0dte,10:00,B_direct_iv,489,0.21550415512943213,10.19564490681946,,,
asis,daily_0dte,10:00,B_joint,489,0.06853755286412293,2.318084333632565,B_direct_blk2,-0.8044037167917556,
asis,daily_0dte,10:00,B_joint_realized,489,0.06910429083432262,1.7778977316239146,B_joint,1.007855251842147,
asis,daily_0dte,10:00,B_ft_blk2,489,0.34854548270579566,4.608716314065405,,,
asis,daily_0dte,10:00,B_ft_joint,489,0.20254658143231682,4.838862461372451,B_ft_blk2,-3.9413061125040776,
asis,daily_0dte,10:00,P_direct_blk2,489,0.07299649044002317,4.297263849174129,,,4.344018821043757
asis,daily_0dte,10:00,P_direct_iv,489,0.2477625558515221,11.603176725869984,,,3.9735074553422085
asis,daily_0dte,10:00,P_joint,489,0.07405821772585033,4.767712628248532,P_direct_blk2,4.901368507930755,4.695016201149566
asis,daily_0dte,10:00,P_joint_realized,489,0.07579628257031634,3.357692374001222,P_joint,0.9661655869542859,3.601998824616585
asis,daily_0dte,10:00,P_ft_blk2,489,0.34014227077684883,4.720359287500226,,,-2.332136661548481
asis,daily_0dte,10:00,P_ft_joint,489,0.2698996657103396,4.223413603493048,P_ft_blk2,-3.6820956726968967,3.18255196913636
asis,daily_0dte,10:30,A_blk2,489,0.06910972727520562,,,,
asis,daily_0dte,10:30,A_a0,489,0.07449270687638827,1.386300154726324,,,
asis,daily_0dte,10:30,B_direct_blk2,489,0.07015690885478057,2.6105134667369425,,,
asis,daily_0dte,10:30,B_direct_iv,489,0.23662075383327608,10.360128174287599,,,
asis,daily_0dte,10:30,B_joint,489,0.0700350140820562,2.3039247153765667,B_direct_blk2,-0.5158984531019328,
asis,daily_0dte,10:30,B_joint_realized,489,0.06230820075434154,-1.6947774488325176,B_joint,-1.9254313760657715,
asis,daily_0dte,10:30,B_ft_blk2,489,0.30674996819595474,3.935146355113212,,,
asis,daily_0dte,10:30,B_ft_joint,489,0.11820930245222756,4.003666053321979,B_ft_blk2,-2.9659288256302125,
asis,daily_0dte,10:30,P_direct_blk2,489,0.07417669673596272,3.9504247063585693,,,4.339734356485348
asis,daily_0dte,10:30,P_direct_iv,489,0.26766331046297154,11.229735105377541,,,3.855683436605198
asis,daily_0dte,10:30,P_joint,489,0.07513205177339427,4.3780362889652995,P_direct_blk2,4.135882381359881,4.485691402410075
asis,daily_0dte,10:30,P_joint_realized,489,0.07095218923644273,1.1050317002506336,P_joint,-3.3718114750010084,2.563558836645133
asis,daily_0dte,10:30,P_ft_blk2,489,0.29319514576096156,4.40391719188627,,,-1.3230505844435065
asis,daily_0dte,10:30,P_ft_joint,489,0.14923663461151954,6.4086295106014965,P_ft_blk2,-3.358614670073937,2.5331761018048704
asis,daily_0dte,11:00,A_blk2,489,0.06657817364054656,,,,
asis,daily_0dte,11:00,A_a0,489,0.07225961594331567,1.72941900684933,,,
asis,daily_0dte,11:00,B_direct_blk2,489,0.0679940042615702,2.5967060172100296,,,
asis,daily_0dte,11:00,B_direct_iv,489,0.2611745406018217,10.514727869465187,,,
asis,daily_0dte,11:00,B_joint,489,0.0680313172250175,2.6882800575688024,B_direct_blk2,0.18771264947004115,
asis,daily_0dte,11:00,B_joint_realized,489,0.06502414637669122,-0.7384715239894398,B_joint,-1.4464619182224596,
asis,daily_0dte,11:00,B_ft_blk2,489,0.21487710565063714,11.217947884855901,,,
asis,daily_0dte,11:00,B_ft_joint,489,0.15480162396446595,6.4023446439457645,B_ft_blk2,-4.310185405186997,
asis,daily_0dte,11:00,P_direct_blk2,489,0.07183427104982061,3.788486003763694,,,4.072748704706869
asis,daily_0dte,11:00,P_direct_iv,489,0.2854213839676502,11.473583160258967,,,3.6834109304747926
asis,daily_0dte,11:00,P_joint,489,0.07266841305984838,3.9963450163350225,P_direct_blk2,3.4056880315983005,3.8884434476947365
asis,daily_0dte,11:00,P_joint_realized,489,0.06998546535109162,1.9415727865108732,P_joint,-2.6047759693388657,2.788506959046746
asis,daily_0dte,11:00,P_ft_blk2,489,0.22018978659956118,12.418156903013516,,,1.7353757569067807
asis,daily_0dte,11:00,P_ft_joint,489,0.1682702033134631,8.56046636196322,P_ft_blk2,-5.589201566507624,2.356098645294865
asis,daily_0dte,11:30,A_blk2,489,0.07716457608650105,,,,
asis,daily_0dte,11:30,A_a0,489,0.08041460082669971,0.9348305222695501,,,
asis,daily_0dte,11:30,B_direct_blk2,489,0.07858315718845137,2.65896901086223,,,
asis,daily_0dte,11:30,B_direct_iv,489,0.3713164100919498,12.708119012298495,,,
asis,daily_0dte,11:30,B_joint,489,0.07814331819865569,1.4726095668801165,B_direct_blk2,-1.5132597008852475,
asis,daily_0dte,11:30,B_joint_realized,489,0.07834255647080542,1.5997101909331894,B_joint,1.105203648963047,
asis,daily_0dte,11:30,B_ft_blk2,489,0.18460021922018502,7.627191517638526,,,
asis,daily_0dte,11:30,B_ft_joint,489,0.18160744602063736,7.67105370095083,B_ft_blk2,-1.0398537097986058,
asis,daily_0dte,11:30,P_direct_blk2,489,0.0827886856155774,3.552172100924621,,,3.6785028552855934
asis,daily_0dte,11:30,P_direct_iv,489,0.3870702151909255,13.281845285412707,,,3.4969745102997862
asis,daily_0dte,11:30,P_joint,489,0.08316141984843162,3.3759680695428913,P_direct_blk2,1.2257065741461581,4.235022218040598
asis,daily_0dte,11:30,P_joint_realized,489,0.0821339724745258,1.6988848481355288,P_joint,-0.6339929498128783,1.5819831384189615
asis,daily_0dte,11:30,P_ft_blk2,489,0.19710924511434996,11.539211626794444,,,1.5726196450908112
asis,daily_0dte,11:30,P_ft_joint,489,0.18062827679633858,7.368236046072188,P_ft_blk2,-1.8312717408000652,-0.09535231914914231
asis,daily_0dte,12:00,A_blk2,489,0.06998735266009623,,,,
asis,daily_0dte,12:00,A_a0,489,0.0777962707297968,2.0050005526448262,,,
asis,daily_0dte,12:00,B_direct_blk2,489,0.07106777247390961,1.428834822212891,,,
asis,daily_0dte,12:00,B_direct_iv,489,0.3729612695353402,10.6187577820543,,,
asis,daily_0dte,12:00,B_joint,489,0.07067568218702325,0.8241575615057583,B_direct_blk2,-1.3850028461405568,
asis,daily_0dte,12:00,B_joint_realized,489,0.07044832105285213,0.2769321892634737,B_joint,-0.17044636139604127,
asis,daily_0dte,12:00,B_ft_blk2,489,0.1868805612629572,9.170492549172275,,,
asis,daily_0dte,12:00,B_ft_joint,489,0.1321959572466689,4.203295859019481,B_ft_blk2,-3.5698036945219234,
asis,daily_0dte,12:00,P_direct_blk2,489,0.07338171176186511,2.501443024402131,,,3.6596062490685863
asis,daily_0dte,12:00,P_direct_iv,489,0.37893660013548663,11.124272359164731,,,1.8958320903154449
asis,daily_0dte,12:00,P_joint,489,0.0735765110379164,2.3906577146329475,P_direct_blk2,0.5837861528022689,4.0365002414819084
asis,daily_0dte,12:00,P_joint_realized,489,0.07332914864583731,1.5715446403445033,P_joint,-0.20027235441817587,3.560161035233344
asis,daily_0dte,12:00,P_ft_blk2,489,0.24803654841253564,10.088662297026191,,,6.949857421497068
asis,daily_0dte,12:00,P_ft_joint,489,0.13527354553979104,5.804641964054532,P_ft_blk2,-6.224160834921569,0.6783862636955632
asis,daily_0dte,12:30,A_blk2,489,0.11116914432822397,,,,
asis,daily_0dte,12:30,A_a0,489,0.12531705056030817,2.7373013709410525,,,
asis,daily_0dte,12:30,B_direct_blk2,489,0.11561866204413,2.325820958793534,,,
asis,daily_0dte,12:30,B_direct_iv,489,0.39351842502134005,4.520483559420903,,,
asis,daily_0dte,12:30,B_joint,489,0.11522676989321501,2.287512908335709,B_direct_blk2,-1.1416263495441605,
asis,daily_0dte,12:30,B_joint_realized,489,0.11535427647595634,2.3575875342438235,B_joint,0.44290159732723183,
asis,daily_0dte,12:30,B_ft_blk2,489,0.30376908270181274,8.490923209832165,,,
asis,daily_0dte,12:30,B_ft_joint,489,0.21962970342271076,4.9445509710211635,B_ft_blk2,-5.488822264606047,
asis,daily_0dte,12:30,P_direct_blk2,489,0.1147351203851532,2.363976901266338,,,-1.061057396993367
asis,daily_0dte,12:30,P_direct_iv,489,0.3815900350797106,5.0341645374872535,,,-1.2407081270658842
asis,daily_0dte,12:30,P_joint,489,0.11443515800445704,2.249353696966134,P_direct_blk2,-0.5815550004256004,-0.7805044138614796
asis,daily_0dte,12:30,P_joint_realized,489,0.1138247138538446,1.5131077166773261,P_joint,-0.7327065890257451,-1.3292147411796895
asis,daily_0dte,12:30,P_ft_blk2,489,0.33707876199810316,11.132248962086246,,,3.4807952546854786
asis,daily_0dte,12:30,P_ft_joint,489,0.24676752003165597,8.254009338717335,P_ft_blk2,-8.507952284115609,2.6717056551251623
asis,daily_0dte,13:00,A_blk2,489,0.08634861928047914,,,,
asis,daily_0dte,13:00,A_a0,489,0.09982693080520304,3.1670527093589036,,,
asis,daily_0dte,13:00,B_direct_blk2,489,0.08867926366397844,1.3783135162107658,,,
asis,daily_0dte,13:00,B_direct_iv,489,0.3542275406132395,3.9748223125056255,,,
asis,daily_0dte,13:00,B_joint,489,0.08762194946843264,0.8587405906773762,B_direct_blk2,-1.4348823945004452,
asis,daily_0dte,13:00,B_joint_realized,489,0.08756417328777513,0.8012773747154909,B_joint,-0.12202782286759688,
asis,daily_0dte,13:00,B_ft_blk2,489,0.2159552536291457,8.002579731874844,,,
asis,daily_0dte,13:00,B_ft_joint,489,0.19099255265911813,5.296030063562409,B_ft_blk2,-2.903106672047258,
asis,daily_0dte,13:00,P_direct_blk2,489,0.08822879786057959,1.223756042661485,,,-0.7127172247499436
asis,daily_0dte,13:00,P_direct_iv,489,0.3436970636667531,4.622044833898519,,,-0.8336190528978463
asis,daily_0dte,13:00,P_joint,489,0.0879781381813644,1.075898500542147,P_direct_blk2,-0.56771673330683,0.7194072671317175
asis,daily_0dte,13:00,P_joint_realized,489,0.08773471308995731,0.7528716618800564,P_joint,-0.22953646263141486,0.1856769490037626
asis,daily_0dte,13:00,P_ft_blk2,489,0.21252924451589303,7.509616119558919,,,-2.2305183338850734
asis,daily_0dte,13:00,P_ft_joint,489,0.1927916194606947,5.008872323233875,P_ft_blk2,-1.9664967916386777,0.7563697576070558
asis,daily_0dte,13:30,A_blk2,489,0.08869195451775369,,,,
asis,daily_0dte,13:30,A_a0,489,0.09996628209265077,2.6412858338141634,,,
asis,daily_0dte,13:30,B_direct_blk2,489,0.08920906244291728,0.2431457434458774,,,
asis,daily_0dte,13:30,B_direct_iv,489,0.3151561404242718,5.512076529662338,,,
asis,daily_0dte,13:30,B_joint,489,0.0887827162648978,0.041219530618098625,B_direct_blk2,-0.6263334916499608,
asis,daily_0dte,13:30,B_joint_realized,489,0.08857220021952943,-0.05196649493719912,B_joint,-0.43975026527836925,
asis,daily_0dte,13:30,B_ft_blk2,489,0.22355084222546615,4.849493656735673,,,
asis,daily_0dte,13:30,B_ft_joint,489,0.16141923638579328,4.823285171996353,B_ft_blk2,-3.358240266233203,
asis,daily_0dte,13:30,P_direct_blk2,489,0.08824725394015769,-0.3074532782928095,,,-1.3351191297323983
asis,daily_0dte,13:30,P_direct_iv,489,0.31375026771394265,6.071500680005126,,,-0.2507006343161769
asis,daily_0dte,13:30,P_joint,489,0.08799916937339483,-0.4603980340778223,P_direct_blk2,-0.8021682877051258,-1.0336949582209722
asis,daily_0dte,13:30,P_joint_realized,489,0.0876349773871798,-0.5825978044773175,P_joint,-0.41752126362498826,-1.0649772786792528
asis,daily_0dte,13:30,P_ft_blk2,489,0.2267933011871445,5.1672709200040865,,,1.1742636744785702
asis,daily_0dte,13:30,P_ft_joint,489,0.16408481988478654,4.772692473034555,P_ft_blk2,-3.8362793474879417,1.8979430582553198
asis,daily_0dte,14:00,A_blk2,489,0.10492975565651937,,,,
asis,daily_0dte,14:00,A_a0,489,0.11483761239923694,2.085023354385072,,,
asis,daily_0dte,14:00,B_direct_blk2,489,0.10329424769516553,-0.9488389247510021,,,
asis,daily_0dte,14:00,B_direct_iv,489,0.3201882107445151,8.240547136179197,,,
asis,daily_0dte,14:00,B_joint,489,0.10319936439932961,-0.8189099158090698,B_direct_blk2,-0.10206760059521923,
asis,daily_0dte,14:00,B_joint_realized,489,0.10313017101263626,-0.7634586868753006,B_joint,-0.14360101408922457,
asis,daily_0dte,14:00,B_ft_blk2,489,0.20725354363173346,7.704134140600721,,,
asis,daily_0dte,14:00,B_ft_joint,489,0.15277555844691282,4.671054727594245,B_ft_blk2,-5.892381259848401,
asis,daily_0dte,14:00,P_direct_blk2,489,0.10318310344071888,-1.1646082941769176,,,-0.28631216130824055
asis,daily_0dte,14:00,P_direct_iv,489,0.32305162005689,8.659983660971893,,,0.691725628133353
asis,daily_0dte,14:00,P_joint,489,0.10312684645740197,-1.1063973688758686,P_direct_blk2,-0.18778580919018034,-0.11387852077064801
asis,daily_0dte,14:00,P_joint_realized,489,0.10195528856886309,-1.4635957411412834,P_joint,-1.3431299482746895,-1.2695267224269682
asis,daily_0dte,14:00,P_ft_blk2,489,0.2107102669587513,7.990055942994299,,,1.1205632038861308
asis,daily_0dte,14:00,P_ft_joint,489,0.15833492357467638,5.043896497792665,P_ft_blk2,-5.971228731252924,1.7074627191305083
asis,daily_0dte,14:30,A_blk2,489,0.1483150976454233,,,,
asis,daily_0dte,14:30,A_a0,489,0.16190017907498375,2.160074907614154,,,
asis,daily_0dte,14:30,B_direct_blk2,489,0.14342701882208372,-1.798110548420381,,,
asis,daily_0dte,14:30,B_direct_iv,489,0.3689942110136455,8.452225012634589,,,
asis,daily_0dte,14:30,B_joint,489,0.14341526540394364,-1.4579415725727027,B_direct_blk2,-0.008707707265479215,
asis,daily_0dte,14:30,B_joint_realized,489,0.13927985021127248,-2.1428577501680057,B_joint,-2.7809562365193483,
asis,daily_0dte,14:30,B_ft_blk2,489,0.24046879294965368,8.325892582497369,,,
asis,daily_0dte,14:30,B_ft_joint,489,0.21038655865920705,5.724408752234311,B_ft_blk2,-4.972584474186747,
asis,daily_0dte,14:30,P_direct_blk2,489,0.14458822024135154,-2.2717689526822054,,,0.8248849068526642
asis,daily_0dte,14:30,P_direct_iv,489,0.3700976637804209,8.3233482881579,,,0.2761951388973099
asis,daily_0dte,14:30,P_joint,489,0.14401591087713872,-2.596289926074167,P_direct_blk2,-1.557519736121672,0.2799568636799424
asis,daily_0dte,14:30,P_joint_realized,489,0.14016549972383138,-3.43646767650471,P_joint,-3.355430639922245,0.3764130291894937
asis,daily_0dte,14:30,P_ft_blk2,489,0.23210499507569188,7.723784648371667,,,-4.72350286728785
asis,daily_0dte,14:30,P_ft_joint,489,0.197663524558695,4.382506211582145,P_ft_blk2,-4.388770816154724,-2.4803083549188396
asis,daily_0dte,15:00,A_blk2,489,0.1756013803377317,,,,
asis,daily_0dte,15:00,A_a0,489,0.1530765462633029,-2.3067079948970384,,,
asis,daily_0dte,15:00,B_direct_blk2,489,0.16576465509546032,-2.7374492051037462,,,
asis,daily_0dte,15:00,B_direct_iv,489,0.35305659650631616,7.111991466927956,,,
asis,daily_0dte,15:00,B_joint,489,0.16550312162857564,-2.54078533243715,B_direct_blk2,-0.4624710072226411,
asis,daily_0dte,15:00,B_joint_realized,489,0.16243628971035304,-2.7929067454382905,B_joint,-2.3763169771339,
asis,daily_0dte,15:00,B_ft_blk2,489,0.21705417193466714,3.8111446795244523,,,
asis,daily_0dte,15:00,B_ft_joint,489,0.20823583359367406,2.8245735522005946,B_ft_blk2,-2.819681971993757,
asis,daily_0dte,15:00,P_direct_blk2,489,0.1694653129393526,-2.933185431689707,,,1.6511978667909508
asis,daily_0dte,15:00,P_direct_iv,489,0.35238371071652913,6.713340441123457,,,-0.13915061630095396
asis,daily_0dte,15:00,P_joint,489,0.16911998618745097,-3.083014214296421,P_direct_blk2,-0.8818942468631035,1.502037427731012
asis,daily_0dte,15:00,P_joint_realized,489,0.16489274307492663,-3.5574539463101975,P_joint,-2.995426776695367,1.0530017385276031
asis,daily_0dte,15:00,P_ft_blk2,489,0.20887641349129651,2.645506508729249,,,-2.4165116531058315
asis,daily_0dte,15:00,P_ft_joint,489,0.20131937080717105,1.7062379588017529,P_ft_blk2,-1.0160178323661448,-1.0553241781187999
asis,daily_0dte,15:30,A_blk2,489,0.26227651696864585,,,,
asis,daily_0dte,15:30,A_a0,489,0.24882946056968178,-1.2176145894878334,,,
asis,daily_0dte,15:30,B_direct_blk2,489,0.24153702017355724,-3.0208609537600553,,,
asis,daily_0dte,15:30,B_direct_iv,489,0.4178898632269594,4.908406433203425,,,
asis,daily_0dte,15:30,B_joint,489,0.24103176964718867,-2.8873067242211614,B_direct_blk2,-0.5671571916010886,
asis,daily_0dte,15:30,B_joint_realized,489,0.23091434236797176,-3.4760907128510588,B_joint,-3.3826201907764863,
asis,daily_0dte,15:30,B_ft_blk2,489,0.24153702017355724,-3.0208609537600553,,,
asis,daily_0dte,15:30,B_ft_joint,489,0.23091434236797176,-3.4760907128510588,B_ft_blk2,-3.0382268049601286,
asis,daily_0dte,15:30,P_direct_blk2,489,0.26450785209455596,0.5259930728928393,,,2.83789943785551
asis,daily_0dte,15:30,P_direct_iv,489,0.41602393118986375,4.644025267996259,,,-0.18176446348101935
asis,daily_0dte,15:30,P_joint,489,0.26309582360212763,0.21548986964812442,P_direct_blk2,-2.5116980016749335,2.625581234773882
asis,daily_0dte,15:30,P_joint_realized,489,0.25385460291836787,-2.1388704540117143,P_joint,-4.057559820577076,2.708602334490105
asis,daily_0dte,15:30,P_ft_blk2,489,0.23515468841248008,-2.3328252608053814,,,-1.2393289174466018
asis,daily_0dte,15:30,P_ft_joint,489,0.23380607944175483,-1.6721127012023378,P_ft_blk2,-0.14000534026168032,0.29562753556111465
