block,row,har_ma_1_x_open,har_ma_1_x_close,har_ma_5_x_open,har_ma_5_x_close,har_ma_25_x_open,har_ma_25_x_close,har_ma_125_x_open,har_ma_125_x_close,har_ma_625_x_open,har_ma_625_x_close,har_ma_3125_x_open,har_ma_3125_x_close,cumrv_x_close,har5rank_x_close
0,48000,-0.043824,0.027945,-0.000000,0.009456,-0.000000,0.045133,0.000000,0.056153,0.000000,0.000000,-0.000000,0.017445,-0.003994,-0.048727
1,48480,-0.044201,0.031418,-0.000000,0.007885,-0.000000,0.043982,0.000000,0.057125,0.000000,0.000000,-0.000000,0.016871,-0.003965,-0.049831
2,48960,-0.042150,0.030170,-0.000000,0.011620,-0.000000,0.038179,0.000000,0.051618,0.000000,0.000000,-0.000000,0.022475,-0.003853,-0.050281
3,49440,-0.041589,0.031833,-0.000000,0.014498,-0.000000,0.037207,0.000000,0.048535,0.000000,0.000000,-0.000000,0.021522,-0.003765,-0.051940
4,49920,-0.042349,0.030106,-0.000000,0.019499,-0.000000,0.037795,0.000000,0.047322,0.000000,0.000000,-0.000000,0.020176,-0.003757,-0.052503
5,50400,-0.041178,0.029832,-0.000000,0.020455,-0.000000,0.037957,0.000000,0.046728,0.000000,0.000000,-0.000000,0.019561,-0.003746,-0.051798
6,50880,-0.041059,0.031035,-0.000000,0.020447,-0.000000,0.037839,0.000000,0.047074,0.000000,0.000000,-0.000000,0.019136,-0.003772,-0.052103
7,51360,-0.040251,0.030994,-0.000000,0.020644,-0.000000,0.037203,0.000000,0.046687,0.000000,0.000000,-0.000000,0.023288,-0.003837,-0.051048
8,51840,-0.040521,0.031681,-0.000000,0.017482,-0.000000,0.037336,0.000000,0.047236,0.000000,0.000000,-0.000000,0.024430,-0.003806,-0.049704
9,52320,-0.040157,0.030230,-0.000000,0.014670,-0.000000,0.037957,0.000000,0.047005,0.000000,0.000000,-0.000000,0.025534,-0.003747,-0.049611
10,52800,-0.040004,0.029876,-0.000000,0.013446,-0.000000,0.038408,0.000000,0.046650,0.000000,0.000000,-0.000000,0.026633,-0.003712,-0.050267
11,53280,-0.038729,0.030199,-0.000000,0.011246,-0.000000,0.038710,0.000000,0.046949,0.000000,0.000000,-0.000000,0.026927,-0.003643,-0.049739
12,53760,-0.039955,0.029530,-0.000000,0.009597,-0.000000,0.039496,0.000000,0.047480,0.000000,0.000000,-0.000000,0.028113,-0.003592,-0.049490
13,54240,-0.039409,0.034527,-0.000000,0.002436,-0.000000,0.036929,0.000000,0.046943,0.000000,0.000000,-0.000000,0.030907,-0.003532,-0.048167
14,54720,-0.039684,0.037132,-0.000000,0.000739,-0.000000,0.036335,0.000000,0.047435,0.000000,0.000000,-0.000000,0.030187,-0.003496,-0.048785
15,55200,-0.040885,0.037008,-0.000000,0.000000,-0.000000,0.036762,0.000000,0.048268,0.000000,0.000000,-0.000000,0.029670,-0.003468,-0.049030
16,55680,-0.039606,0.038197,-0.000000,0.000000,-0.000000,0.036944,0.000000,0.046785,0.000000,0.000000,-0.000000,0.029240,-0.003443,-0.049751
17,56160,-0.039705,0.038610,-0.000000,0.001873,-0.000000,0.037701,0.000000,0.044510,0.000000,0.000000,-0.000000,0.028056,-0.003414,-0.050670
18,56640,-0.039966,0.035634,-0.000000,0.005281,-0.000000,0.042382,0.000000,0.047040,0.000000,0.000000,-0.000000,0.026460,-0.003609,-0.051327
19,57120,-0.041382,0.033928,-0.000000,0.006199,-0.000000,0.041989,0.000000,0.047271,0.000000,0.000000,-0.000000,0.027417,-0.003623,-0.050639
20,57600,-0.042592,0.031210,-0.000000,0.009546,-0.000000,0.046822,0.000000,0.040265,0.000000,0.000000,-0.000000,0.029487,-0.003474,-0.050605
21,58080,-0.041533,0.027002,-0.000000,0.007352,-0.000000,0.044657,0.000000,0.037354,0.000000,0.000000,-0.000000,0.035662,-0.003171,-0.049203
22,58560,-0.041666,0.033064,-0.000000,0.000000,-0.000000,0.041468,0.000000,0.036715,0.000000,0.000000,-0.000000,0.037293,-0.003031,-0.048618
23,59040,-0.039404,0.033358,-0.000000,0.000000,-0.000000,0.041105,0.000000,0.035322,0.000000,0.000000,-0.000000,0.037083,-0.002950,-0.048570
24,59520,-0.040742,0.033502,-0.000000,0.000000,-0.000000,0.043335,0.000000,0.035050,0.000000,0.000000,-0.000000,0.036603,-0.003031,-0.048256
25,60000,-0.040409,0.031840,-0.000000,0.000000,-0.000000,0.044737,0.000000,0.034422,0.000000,0.000000,-0.000000,0.036723,-0.003031,-0.047672
26,60480,-0.038999,0.031538,-0.000000,0.000000,-0.000000,0.044047,0.000000,0.035002,0.000000,0.000000,0.000000,0.037272,-0.003039,-0.047340
27,60960,-0.039103,0.035453,-0.000000,0.000000,-0.000000,0.030006,0.000000,0.032648,0.000000,0.000000,0.000000,0.037432,-0.002609,-0.046716
28,61440,-0.037363,0.036190,-0.000000,0.000000,-0.000000,0.023838,0.000000,0.035123,0.000000,0.000000,0.000000,0.036471,-0.002531,-0.048034
29,61920,-0.036900,0.035568,-0.000000,0.000000,-0.000000,0.027703,0.000000,0.033909,0.000000,0.000000,0.000000,0.039602,-0.002693,-0.047038
30,62400,-0.036324,0.034777,-0.000000,0.000000,-0.000000,0.026579,0.000000,0.032041,0.000000,0.000000,0.000000,0.041083,-0.002648,-0.047740
31,62880,-0.035035,0.035190,-0.000000,0.000000,-0.000000,0.028082,0.000000,0.029858,0.000000,0.000000,-0.000000,0.038195,-0.002553,-0.047652
32,63360,-0.035674,0.036420,-0.000000,0.000000,-0.000000,0.027759,0.000000,0.029151,0.000000,0.000000,-0.000000,0.035759,-0.002512,-0.047451
33,63840,-0.034514,0.037236,-0.000000,0.000000,0.000000,0.028621,0.000000,0.028556,0.000000,0.000000,0.000000,0.034765,-0.002508,-0.047869
34,64320,-0.034309,0.035977,-0.000000,0.000000,-0.000000,0.032641,0.000000,0.028612,0.000000,0.000000,-0.000000,0.033393,-0.002481,-0.047281
35,64800,-0.033103,0.033976,-0.000000,0.000000,-0.000000,0.034472,0.000000,0.028397,0.000000,0.000000,-0.000000,0.034216,-0.002484,-0.047102
36,65280,-0.030963,0.033224,-0.000000,0.000000,0.000000,0.053918,0.000000,0.027715,0.000000,0.000000,-0.000000,0.028648,-0.002961,-0.048443
37,65760,-0.030140,0.032760,-0.000000,0.000000,0.000000,0.055441,0.000000,0.027557,0.000000,0.000000,-0.000000,0.027653,-0.002977,-0.048479
38,66240,-0.029867,0.032016,-0.000000,0.000000,0.000000,0.057286,0.000000,0.027914,0.000000,0.000000,-0.000000,0.026327,-0.002967,-0.048142
39,66720,-0.029295,0.031415,-0.000000,0.000000,0.000000,0.058710,0.000000,0.028752,0.000000,0.000000,-0.000000,0.023448,-0.002943,-0.049597
40,67200,-0.028123,0.032007,-0.000000,0.000000,0.000000,0.057147,0.000000,0.030811,0.000000,0.000000,-0.000000,0.023610,-0.002985,-0.049421
41,67680,-0.028990,0.031961,-0.000000,0.000000,-0.000000,0.058829,0.000000,0.030755,0.000000,0.000000,-0.000000,0.023048,-0.003009,-0.049686
42,68160,-0.029117,0.028741,-0.000000,0.000000,-0.000000,0.062847,0.000000,0.032417,0.000000,0.000000,-0.000000,0.023497,-0.003111,-0.049126
43,68640,-0.027843,0.027433,-0.000000,0.000000,-0.000000,0.067246,0.000000,0.033446,0.000000,0.000000,-0.000000,0.020226,-0.003026,-0.050288
44,69120,-0.027515,0.026356,-0.000000,0.000000,-0.000000,0.067181,0.000000,0.032573,0.000000,0.000000,-0.000000,0.019234,-0.002940,-0.050537
45,69600,-0.027978,0.026358,-0.000000,0.000000,-0.000000,0.068843,0.000000,0.032120,0.000000,0.000000,-0.000000,0.017300,-0.002910,-0.051991
46,70080,-0.029012,0.024583,-0.000000,0.000000,-0.000000,0.070189,0.000000,0.034108,0.000000,0.000000,-0.000000,0.017815,-0.002971,-0.051612
47,70560,-0.026353,0.022003,-0.000000,0.000000,-0.000000,0.075322,0.000000,0.034170,0.000000,0.000000,-0.000000,0.018980,-0.003131,-0.051359
48,71040,-0.026936,0.019915,-0.000000,0.000000,0.000000,0.076954,0.000000,0.035154,0.000000,0.000000,-0.000000,0.017932,-0.003090,-0.051314
49,71520,-0.027477,0.020631,-0.000000,0.000000,0.000000,0.075439,0.000000,0.034967,0.000000,0.000000,-0.000000,0.018268,-0.003054,-0.051451
50,72000,-0.026334,0.021124,-0.000000,0.000000,0.000000,0.075100,0.000000,0.035265,0.000000,0.000000,-0.000000,0.017611,-0.003005,-0.052051
51,72480,-0.027046,0.021385,-0.000000,0.000000,0.000000,0.074662,0.000000,0.034913,0.000000,0.000000,-0.000000,0.013357,-0.002807,-0.053247
52,72960,-0.028754,0.023352,-0.000000,0.000000,-0.000000,0.082660,0.000000,0.030067,0.000000,0.000000,-0.000000,0.014057,-0.003087,-0.054183
53,73440,-0.029680,0.022398,-0.000000,0.000000,-0.000000,0.083375,0.000000,0.029961,0.000000,0.000000,-0.000000,0.014059,-0.003086,-0.054705
54,73920,-0.027461,0.022391,-0.000000,0.000000,-0.000000,0.088657,0.000000,0.028146,0.000000,0.000000,-0.000000,0.015048,-0.003251,-0.056558
55,74400,-0.026570,0.023586,-0.000000,0.000000,-0.000000,0.090732,0.000000,0.026208,0.000000,0.000000,-0.000000,0.014500,-0.003328,-0.057304
56,74880,-0.024903,0.022893,-0.000000,0.000000,-0.000000,0.090088,0.000000,0.026747,0.000000,0.000000,-0.000000,0.014844,-0.003325,-0.056947
57,75360,-0.024103,0.024459,-0.000000,0.000000,-0.000000,0.088782,0.000000,0.027520,0.000000,0.000000,-0.000000,0.015554,-0.003375,-0.057118
58,75840,-0.024026,0.025280,-0.000000,0.000000,-0.000000,0.088746,0.000000,0.029899,0.000000,0.000000,-0.000000,0.013059,-0.003367,-0.057110
59,76320,-0.024664,0.023735,-0.000000,0.000000,-0.000000,0.089030,0.000000,0.031719,0.000000,0.000000,-0.000000,0.010788,-0.003323,-0.057245
60,76800,-0.025087,0.020894,-0.000000,0.000000,-0.000000,0.088612,0.000000,0.037263,0.000000,0.000000,-0.000000,0.006589,-0.003301,-0.055287
61,77280,-0.025701,0.019912,-0.000000,0.000000,-0.000000,0.087839,0.000000,0.040501,0.000000,0.000000,-0.000000,0.004052,-0.003333,-0.054487
62,77760,-0.025532,0.020749,-0.000000,0.000000,-0.000000,0.090280,0.000000,0.040400,0.000000,0.000000,-0.000000,0.002919,-0.003340,-0.053912
63,78240,-0.026924,0.020311,-0.000000,0.000000,-0.000000,0.092329,-0.000000,0.046751,0.000000,0.000000,-0.000000,0.006404,-0.003753,-0.052010
64,78720,-0.028191,0.021049,-0.000000,0.000000,-0.000000,0.092681,-0.000000,0.047605,0.000000,0.000000,-0.000000,0.005214,-0.003741,-0.052206
65,79200,-0.028474,0.021687,-0.000000,0.000000,-0.000000,0.091243,-0.000000,0.048363,0.000000,0.000000,-0.000000,0.007012,-0.003786,-0.052743
66,79680,-0.027671,0.021665,-0.000000,0.000000,-0.000000,0.092863,-0.000000,0.047422,-0.000000,0.000000,-0.000000,0.006134,-0.003769,-0.052592
67,80160,-0.028311,0.022210,-0.000000,0.000000,-0.000000,0.092209,-0.000000,0.049383,-0.000000,0.000000,-0.000000,0.003023,-0.003745,-0.052297
68,80640,-0.028084,0.021662,-0.000000,0.000000,-0.000000,0.093064,-0.000000,0.055253,-0.000000,0.000000,-0.000000,0.001658,-0.003896,-0.052365
69,81120,-0.029322,0.013189,-0.000000,0.000000,-0.000000,0.102904,0.000000,0.062025,0.000000,0.000000,-0.000000,0.016922,-0.004925,-0.051483
70,81600,-0.028821,0.012660,-0.000000,0.000000,-0.000000,0.103584,0.000000,0.071133,0.000000,0.000000,-0.000000,0.013661,-0.005151,-0.050678
71,82080,-0.029569,0.012660,-0.000000,0.000000,-0.000000,0.102774,0.000000,0.071805,0.000000,0.000000,-0.000000,0.014664,-0.005167,-0.048905
72,82560,-0.029996,0.014286,-0.000000,0.000000,-0.000000,0.103215,0.000000,0.072097,0.000000,0.000000,-0.000000,0.014488,-0.005201,-0.049675
73,83040,-0.030001,0.013468,-0.000000,0.000000,-0.000000,0.105167,0.000000,0.073503,0.000000,0.000000,-0.000000,0.013146,-0.005292,-0.048762
74,83520,-0.027779,0.014606,-0.000000,0.000000,-0.000000,0.103476,0.000000,0.070720,0.000000,0.000000,-0.000000,0.013536,-0.005175,-0.049001
75,84000,-0.026856,0.018443,-0.000000,0.000000,-0.000000,0.104362,0.000000,0.085275,-0.000000,0.000000,-0.000000,0.005169,-0.005570,-0.049066
76,84480,-0.027949,0.016527,-0.000000,0.000000,-0.000000,0.106896,-0.000000,0.085236,-0.000000,0.000000,-0.000000,0.003942,-0.005494,-0.049790
77,84960,-0.027869,0.016749,-0.000000,0.000000,-0.000000,0.104888,-0.000000,0.086511,-0.000000,0.000000,-0.000000,0.005530,-0.005489,-0.048017
78,85440,-0.027354,0.015156,-0.000000,0.000000,-0.000000,0.104851,-0.000000,0.087161,-0.000000,0.000000,-0.000000,0.005466,-0.005470,-0.047844
79,85920,-0.028216,0.012163,-0.000000,0.000000,-0.000000,0.101238,0.000000,0.091082,-0.000000,0.000000,-0.000000,0.007725,-0.005490,-0.046607
80,86400,-0.028630,0.012714,-0.000000,0.000000,-0.000000,0.098180,0.000000,0.091191,-0.000000,0.000000,-0.000000,0.010768,-0.005502,-0.047110
81,86880,-0.028149,0.012302,-0.000000,0.000000,-0.000000,0.097405,0.000000,0.090607,-0.000000,0.000000,-0.000000,0.011130,-0.005447,-0.046809
82,87360,-0.028700,0.011560,-0.000000,0.000000,-0.000000,0.097447,0.000000,0.090353,-0.000000,0.000000,-0.000000,0.013083,-0.005479,-0.046258
83,87840,-0.028106,0.011283,-0.000000,0.000000,-0.000000,0.096413,0.000000,0.090456,0.000000,0.000000,-0.000000,0.013223,-0.005452,-0.046846
84,88320,-0.027912,0.011936,-0.000000,0.000000,-0.000000,0.095178,0.000000,0.090308,0.000000,0.000000,-0.000000,0.013707,-0.005419,-0.046842
85,88800,-0.027889,0.013914,-0.000000,0.000000,-0.000000,0.093350,0.000000,0.089633,-0.000000,0.000000,-0.000000,0.013794,-0.005411,-0.046427
86,89280,-0.027849,0.016507,-0.000000,0.000000,-0.000000,0.093051,0.000000,0.089144,-0.000000,0.000000,-0.000000,0.012132,-0.005379,-0.047363
87,89760,-0.025697,0.015035,-0.000000,0.000000,-0.000000,0.095615,0.000000,0.094110,-0.000000,0.000000,-0.000000,0.013608,-0.005583,-0.046716
88,90240,-0.026110,0.016385,-0.000000,0.000000,-0.000000,0.092320,0.000000,0.096087,-0.000000,0.000000,-0.000000,0.013910,-0.005598,-0.047812
89,90720,-0.025246,0.015247,-0.000000,0.000000,-0.000000,0.092721,0.000000,0.097166,-0.000000,0.000000,-0.000000,0.014846,-0.005607,-0.048547
90,91200,-0.026256,0.013141,-0.000000,0.000000,-0.000000,0.093192,0.000000,0.097892,-0.000000,0.000000,-0.000000,0.015504,-0.005603,-0.048521
91,91680,-0.026696,0.009357,-0.000000,0.000000,-0.000000,0.095194,0.000000,0.098974,-0.000000,0.000000,-0.000000,0.017478,-0.005632,-0.047502
92,92160,-0.026153,0.002294,-0.000000,0.000000,-0.000000,0.086604,-0.000000,0.108499,-0.000000,0.000000,-0.000000,0.022229,-0.005611,-0.047021
93,92640,-0.026664,0.006518,-0.000000,0.000000,-0.000000,0.075344,-0.000000,0.109173,-0.000000,0.000000,-0.000000,0.024661,-0.005473,-0.047227
94,93120,-0.023713,0.006547,-0.002426,0.000000,-0.000000,0.070994,-0.000000,0.098157,-0.000000,0.000000,-0.000000,0.034353,-0.005278,-0.045002
95,93600,-0.022592,0.003495,-0.001583,0.000000,-0.000000,0.073757,-0.000000,0.094490,-0.000000,0.000000,-0.000000,0.034767,-0.005116,-0.045096
96,94080,-0.023722,0.002785,-0.000768,0.000000,-0.000000,0.074896,-0.000000,0.092433,-0.000000,0.000000,-0.000000,0.036599,-0.005070,-0.045294
97,94560,-0.025243,0.001918,-0.000000,0.000000,-0.000000,0.074459,-0.000000,0.090861,-0.000000,0.000000,-0.000000,0.038278,-0.005033,-0.044761
98,95040,-0.024402,0.001392,-0.000000,0.000000,-0.000000,0.075801,-0.000000,0.087532,-0.000000,0.000000,-0.000000,0.042434,-0.005072,-0.043451
99,95520,-0.024006,0.000264,-0.001279,0.000000,-0.000000,0.078461,-0.000000,0.084286,-0.000000,0.000000,-0.000000,0.042899,-0.005029,-0.043674
100,96000,-0.023708,0.000414,-0.001003,0.000000,-0.000000,0.083771,-0.000000,0.087329,-0.000000,0.000000,-0.000000,0.040945,-0.005365,-0.043738
101,96480,-0.022932,0.000000,-0.000000,0.000000,-0.000000,0.080061,-0.000000,0.078046,-0.000000,0.000000,-0.000000,0.045519,-0.005090,-0.041450
102,96960,-0.024238,0.000000,-0.000000,0.000000,-0.000000,0.083144,-0.000000,0.077697,-0.000000,0.000000,-0.000000,0.043238,-0.005033,-0.042223
103,97440,-0.024791,0.000000,-0.000000,0.000000,-0.000000,0.081725,-0.000000,0.079541,-0.000000,0.000000,-0.000000,0.042709,-0.005033,-0.042406
104,97920,-0.023332,0.000000,-0.000000,0.000000,-0.000000,0.079020,-0.000000,0.079613,-0.000000,0.000000,-0.000000,0.044903,-0.005037,-0.042145
105,98400,-0.023558,0.000000,-0.000000,0.000000,-0.000000,0.081830,-0.000000,0.079842,-0.000000,0.000000,-0.000000,0.046299,-0.005113,-0.042921
106,98880,-0.024491,0.000000,-0.000000,0.000000,-0.000000,0.081784,-0.000000,0.079641,-0.000000,0.000000,-0.000000,0.046561,-0.005087,-0.043177
107,99360,-0.024350,0.000000,-0.000000,0.000000,-0.000000,0.088236,-0.000000,0.079764,-0.000000,0.000000,-0.000000,0.039884,-0.005194,-0.041967
108,99840,-0.024196,0.000000,-0.000000,0.000000,-0.000000,0.087951,-0.000000,0.080745,-0.000000,0.000000,-0.000000,0.039113,-0.005242,-0.042665
109,100320,-0.025275,0.000000,-0.000000,0.000000,-0.000000,0.088528,-0.000000,0.081156,-0.000000,0.000000,-0.000000,0.038691,-0.005247,-0.043233
110,100800,-0.026159,0.000000,-0.000000,0.000000,-0.000000,0.087337,-0.000000,0.089127,-0.000000,0.000000,-0.000000,0.034770,-0.005407,-0.042678
111,101280,-0.026324,0.000308,-0.000000,0.000000,-0.000000,0.086182,-0.000000,0.089265,-0.000000,0.000000,-0.000000,0.034969,-0.005405,-0.042770
112,101760,-0.026435,0.000000,-0.000000,0.000000,-0.000000,0.085768,-0.000000,0.089916,-0.000000,0.000000,-0.000000,0.034784,-0.005389,-0.043163
113,102240,-0.025536,0.000000,-0.000000,0.000000,-0.000000,0.083444,-0.000000,0.090467,-0.000000,0.000000,-0.000000,0.034693,-0.005337,-0.043118
114,102720,-0.026679,0.000000,-0.000000,0.000000,-0.000000,0.081917,-0.000000,0.087120,-0.000000,0.000000,-0.000000,0.035859,-0.005248,-0.043011
115,103200,-0.026765,0.000000,-0.000000,0.000000,-0.000000,0.081124,-0.000000,0.086403,-0.000000,0.000000,-0.000000,0.035474,-0.005199,-0.042939
116,103680,-0.028336,0.000000,-0.000000,0.000000,-0.000000,0.083306,-0.000000,0.085607,-0.000000,0.000000,-0.000000,0.036511,-0.005286,-0.042351
117,104160,-0.029442,0.000000,-0.000000,0.000000,-0.000000,0.081188,-0.000000,0.096535,-0.000000,0.000000,-0.000000,0.033706,-0.005472,-0.042463
118,104640,-0.028545,0.000000,-0.000000,0.000000,-0.000000,0.078888,-0.000000,0.094976,-0.000000,0.000000,-0.000000,0.033406,-0.005375,-0.042553
119,105120,-0.028216,0.000000,-0.000000,0.000000,-0.000000,0.078873,-0.000000,0.094248,-0.000000,0.000000,-0.000000,0.032896,-0.005319,-0.042958
120,105600,-0.027096,0.000000,-0.000000,0.000000,-0.000000,0.076817,-0.000000,0.092889,-0.000000,0.000000,-0.000000,0.035571,-0.005297,-0.042579
121,106080,-0.026562,0.000000,-0.000000,0.000000,-0.000000,0.076062,-0.000000,0.091033,-0.000000,0.000000,-0.000000,0.036372,-0.005240,-0.042504
122,106560,-0.027337,0.000000,-0.000545,0.000000,-0.000000,0.076464,-0.000000,0.090021,-0.000000,0.000000,-0.000000,0.037567,-0.005244,-0.041421
123,107040,-0.029221,0.000000,-0.000000,0.000000,-0.000000,0.077321,-0.000000,0.089078,-0.000000,0.000000,-0.000000,0.037751,-0.005257,-0.041747
124,107520,-0.024238,0.000000,-0.003330,0.000000,-0.000000,0.077642,-0.000000,0.090132,-0.000000,0.000000,-0.000000,0.036935,-0.005240,-0.041965
125,108000,-0.027634,0.000000,-0.000343,0.000000,-0.000000,0.077630,-0.000000,0.090847,-0.000000,0.000000,-0.000000,0.037119,-0.005243,-0.042552
126,108480,-0.028253,0.000000,-0.000000,0.000000,-0.000000,0.077934,-0.000000,0.091801,-0.000000,0.000000,-0.000000,0.035328,-0.005190,-0.042851
127,108960,-0.027443,0.000000,-0.000000,0.000000,-0.000000,0.091950,-0.000000,0.102720,-0.000000,0.000000,-0.000000,0.032471,-0.006003,-0.041193
128,109440,-0.026760,0.000000,-0.000000,0.000000,-0.003349,0.108771,-0.000000,0.108743,-0.000000,0.000000,-0.000000,0.025878,-0.006635,-0.039408
129,109920,-0.019864,0.000000,-0.003837,0.000000,-0.007676,0.107484,-0.000000,0.110407,-0.000000,0.000782,-0.000000,0.023344,-0.006545,-0.039471
130,110400,-0.022557,0.000000,-0.003644,0.000000,-0.006993,0.105538,-0.000000,0.111133,-0.000000,0.005377,-0.000000,0.020173,-0.006517,-0.038625
131,110880,-0.019979,0.000000,-0.004116,0.000000,-0.008511,0.105763,-0.000000,0.111066,-0.000000,0.006316,-0.000000,0.020376,-0.006544,-0.039148
132,111360,-0.019051,0.000000,-0.008379,0.000000,-0.005526,0.108472,-0.000000,0.110516,-0.000000,0.005902,-0.000000,0.023428,-0.006658,-0.038552
133,111840,-0.019254,0.000000,-0.009170,0.000000,-0.004786,0.109774,-0.000000,0.109012,-0.000000,0.004286,-0.000000,0.024723,-0.006585,-0.038686
134,112320,-0.022656,0.000000,-0.009847,0.000000,-0.002243,0.115381,-0.000000,0.110213,-0.000000,0.003805,-0.000000,0.021151,-0.006635,-0.039261
135,112800,-0.018591,0.000000,-0.012872,0.000000,-0.002612,0.112795,-0.000000,0.116704,-0.000000,0.001874,-0.000000,0.020136,-0.006681,-0.038373
136,113280,-0.020879,0.000000,-0.012900,0.000000,-0.002619,0.093803,-0.000000,0.129299,-0.000000,0.003126,-0.000000,0.019738,-0.006503,-0.036993
137,113760,-0.020025,0.000000,-0.014174,0.000000,-0.003259,0.088480,-0.000000,0.131391,-0.000000,0.002165,-0.000000,0.022343,-0.006462,-0.036524
138,114240,-0.020278,0.000000,-0.014907,0.000000,-0.003424,0.086721,-0.000000,0.129708,-0.000000,0.001760,-0.000000,0.026132,-0.006418,-0.036181
139,114720,-0.017489,0.000000,-0.015339,0.000000,-0.005155,0.086595,-0.000000,0.128909,-0.000000,0.001232,-0.000000,0.028060,-0.006429,-0.036177
140,115200,-0.018003,0.000000,-0.013721,0.000000,-0.005645,0.087670,-0.000000,0.127746,-0.000000,0.001612,-0.000000,0.027566,-0.006423,-0.036014
141,115680,-0.016716,0.000000,-0.014380,0.000000,-0.005875,0.087432,-0.000000,0.126654,-0.000000,0.002414,-0.000000,0.027932,-0.006413,-0.035767
142,116160,-0.017163,0.000000,-0.015803,0.000000,-0.004426,0.086874,-0.000000,0.125012,-0.000000,0.002326,-0.000000,0.029566,-0.006384,-0.036308
143,116640,-0.017288,0.000000,-0.017544,0.000000,-0.004967,0.086711,-0.000000,0.124537,-0.000000,0.002611,-0.000000,0.030595,-0.006393,-0.035982
144,117120,-0.018705,0.000000,-0.016305,0.000000,-0.004099,0.086094,-0.000000,0.124459,-0.000000,0.002142,-0.000000,0.031417,-0.006387,-0.035603
145,117600,-0.021832,0.000000,-0.013485,0.000000,-0.004643,0.086582,-0.000000,0.124146,-0.000000,0.002624,-0.000000,0.031398,-0.006391,-0.035505
146,118080,-0.025326,0.000000,-0.009544,0.000000,-0.004809,0.085496,-0.000000,0.124490,-0.000000,0.002985,-0.000000,0.031381,-0.006391,-0.035740
147,118560,-0.028508,0.000000,-0.009151,0.000000,-0.002639,0.085004,-0.000000,0.123893,-0.000000,0.003013,-0.000000,0.030711,-0.006325,-0.036222
148,119040,-0.020327,0.000000,-0.013447,0.000000,-0.004463,0.081602,-0.000000,0.124276,-0.000000,0.003069,-0.000000,0.031416,-0.006302,-0.035761
149,119520,-0.023740,0.000000,-0.010928,0.000000,-0.004892,0.083200,-0.000000,0.124194,-0.000000,0.002741,-0.000000,0.032540,-0.006393,-0.035524
150,120000,-0.024059,0.000000,-0.012222,0.000000,-0.006352,0.083018,-0.000000,0.124205,-0.000000,0.001491,-0.000000,0.035143,-0.006432,-0.035376
151,120480,-0.029348,0.000000,-0.009441,0.000000,-0.007934,0.084609,-0.000000,0.123445,-0.000000,0.000000,-0.000000,0.034904,-0.006346,-0.036009
152,120960,-0.033121,0.000000,-0.006791,0.000000,-0.008181,0.086272,-0.000000,0.124653,-0.000000,0.000979,-0.000077,0.034438,-0.006397,-0.035945
153,121440,-0.035703,0.000000,-0.008302,0.000000,-0.006056,0.093539,-0.000000,0.123360,-0.000000,0.000000,-0.000000,0.033847,-0.006508,-0.036231
154,121920,-0.041273,0.000000,-0.003538,0.000000,-0.005831,0.089750,-0.000000,0.120726,-0.000000,0.000000,-0.000000,0.029723,-0.006258,-0.036223
155,122400,-0.038437,0.000000,-0.006889,0.000000,-0.004542,0.090357,-0.000000,0.121019,-0.000000,0.000000,-0.000000,0.021881,-0.006029,-0.036388
156,122880,-0.043563,0.000000,-0.005611,0.000000,-0.001687,0.092256,-0.000000,0.121870,-0.000000,0.000000,-0.000000,0.021588,-0.006116,-0.036918
157,123360,-0.039854,0.000000,-0.004088,0.000000,-0.005260,0.089977,-0.000000,0.125389,-0.000000,0.000000,-0.000000,0.021094,-0.006160,-0.036739
158,123840,-0.038487,-0.000000,-0.001352,0.000000,-0.005814,0.087924,-0.000000,0.127938,-0.000000,0.000000,-0.000000,0.028411,-0.006572,-0.036681
159,124320,-0.041031,0.000000,-0.000000,0.000000,-0.005669,0.086851,-0.000000,0.125391,-0.000000,0.000000,-0.000000,0.034719,-0.006670,-0.036910
160,124800,-0.042506,0.000000,-0.000881,0.000000,-0.004302,0.092246,-0.000000,0.121500,-0.000000,0.000000,-0.000000,0.032517,-0.006506,-0.039299
161,125280,-0.039503,0.000000,-0.000000,0.000000,-0.007889,0.093237,-0.000000,0.120241,-0.000000,0.000000,-0.000000,0.035121,-0.006540,-0.038442
162,125760,-0.043015,0.000000,-0.000000,0.000000,-0.003576,0.091678,-0.000000,0.117771,-0.000000,0.000000,-0.000000,0.037509,-0.006494,-0.036950
163,126240,-0.044346,0.000000,-0.000000,0.000000,-0.001635,0.090754,-0.000000,0.116059,-0.000000,0.000000,-0.000000,0.034687,-0.006338,-0.036250
164,126720,-0.044627,0.000000,-0.000000,0.000000,-0.001422,0.091228,-0.000000,0.116254,-0.000000,0.000000,-0.000000,0.032259,-0.006249,-0.036092
165,127200,-0.045765,-0.000000,-0.000000,0.000000,-0.000590,0.091702,-0.000000,0.117481,-0.000000,0.000000,-0.000000,0.028964,-0.006210,-0.036899
166,127680,-0.048652,0.000000,-0.000000,0.000000,-0.000000,0.091700,-0.000000,0.121072,-0.000000,0.000000,-0.000000,0.028713,-0.006300,-0.035141
167,128160,-0.048833,0.000000,-0.000005,0.000000,-0.000000,0.091866,-0.000000,0.120577,-0.000000,0.000000,-0.000000,0.029141,-0.006290,-0.034932
168,128640,-0.046709,-0.000000,-0.000000,0.000000,-0.000000,0.089253,-0.000000,0.118190,-0.000000,0.000000,-0.000000,0.026664,-0.006063,-0.035467
169,129120,-0.038519,0.000000,-0.001291,0.000000,-0.000000,0.075386,-0.000000,0.117393,-0.000000,0.000000,-0.006816,0.011963,-0.004798,-0.035248
170,129600,-0.037822,0.000000,-0.000681,0.002037,-0.000000,0.072998,-0.000000,0.116027,-0.000000,0.001548,-0.009233,0.013714,-0.004852,-0.035394
171,130080,-0.039172,0.000000,-0.000000,0.002661,-0.000000,0.072372,-0.000000,0.115618,-0.000000,0.001803,-0.008370,0.012499,-0.004820,-0.036634
172,130560,-0.040710,0.000000,-0.000000,0.001198,-0.000000,0.070435,-0.000000,0.116225,-0.000000,0.005263,-0.006249,0.009708,-0.004796,-0.035892
173,131040,-0.045902,0.000000,-0.000000,0.001417,-0.000000,0.063770,-0.000000,0.124752,-0.000000,0.009505,-0.000000,0.010246,-0.004984,-0.035158
174,131520,-0.044280,0.000000,-0.000000,0.000000,-0.000000,0.062524,-0.000000,0.126025,-0.000000,0.009174,-0.000000,0.009655,-0.004938,-0.033950
175,132000,-0.046615,0.000000,-0.000000,0.000000,-0.000000,0.056013,-0.000000,0.127827,-0.000000,0.018143,-0.000000,0.003751,-0.004931,-0.033328
176,132480,-0.033668,-0.000000,-0.008792,0.023223,-0.001921,0.057746,-0.000000,0.094263,-0.000000,0.008922,-0.000000,0.000000,-0.003864,-0.041503
177,132960,-0.034495,-0.000000,-0.009305,0.023346,-0.000000,0.061623,-0.000000,0.092358,-0.000000,0.001857,-0.000000,0.000000,-0.003676,-0.043846
178,133440,-0.034396,-0.000000,-0.009446,0.019197,-0.000409,0.063888,-0.000000,0.095747,-0.000000,0.001006,-0.000000,0.000000,-0.003743,-0.042299
179,133920,-0.032856,-0.000000,-0.009374,0.021245,-0.002159,0.061533,-0.000000,0.095490,-0.000000,0.000228,-0.000000,0.000000,-0.003656,-0.041946
180,134400,-0.033087,-0.000000,-0.007793,0.021727,-0.003052,0.061297,-0.000000,0.094983,-0.000000,0.000115,-0.000000,0.000000,-0.003636,-0.041415
181,134880,-0.035390,-0.000000,-0.006322,0.026969,-0.002927,0.062730,-0.000000,0.091712,-0.000000,0.000000,-0.000000,0.000000,-0.003760,-0.042610
182,135360,-0.037739,-0.000000,-0.006374,0.025573,-0.002905,0.064019,-0.000000,0.091002,-0.000000,0.000000,-0.000000,0.000000,-0.003706,-0.043055
183,135840,-0.039856,-0.000000,-0.005656,0.024167,-0.002055,0.065474,-0.000000,0.090025,-0.000000,0.000000,-0.000000,0.000000,-0.003693,-0.043286
184,136320,-0.038660,-0.000000,-0.005378,0.022050,-0.002861,0.066440,-0.000000,0.088855,-0.000000,0.000000,-0.000000,0.000000,-0.003634,-0.043066
185,136800,-0.040300,-0.000000,-0.003614,0.021923,-0.003017,0.067760,-0.000000,0.089436,-0.000000,0.000000,-0.000000,0.000000,-0.003646,-0.042975
186,137280,-0.038508,-0.000000,-0.004014,0.021840,-0.003914,0.072264,-0.000000,0.085998,-0.000000,0.000000,-0.000000,0.000000,-0.003564,-0.043541
187,137760,-0.034187,-0.000000,-0.008164,0.012756,-0.004892,0.082056,-0.000000,0.085116,-0.000000,0.000000,-0.000000,0.000000,-0.003562,-0.043257
188,138240,-0.032759,-0.000000,-0.007168,0.008144,-0.007188,0.084956,-0.000000,0.085783,-0.000000,0.000000,-0.000000,0.000000,-0.003526,-0.043009
189,138720,-0.035587,-0.000000,-0.006047,0.007348,-0.006719,0.085969,-0.000000,0.086306,-0.000000,0.000000,-0.000000,0.000000,-0.003526,-0.043536
190,139200,-0.035295,-0.000000,-0.005109,0.008237,-0.007680,0.085581,-0.000000,0.086395,-0.000000,0.000000,-0.000000,0.000000,-0.003491,-0.043725
191,139680,-0.034794,-0.000000,-0.006109,0.006342,-0.007700,0.085801,-0.000000,0.085956,-0.000000,0.000000,-0.000000,0.000395,-0.003480,-0.043810
192,140160,-0.033650,-0.000000,-0.007833,0.006468,-0.007212,0.089198,-0.000000,0.084285,-0.000000,0.000000,-0.000000,0.000000,-0.003549,-0.043389
193,140640,-0.035181,-0.000000,-0.009026,0.007808,-0.005359,0.089635,-0.000000,0.084251,-0.000000,0.000000,-0.000000,0.000000,-0.003570,-0.043447
194,141120,-0.033044,-0.000000,-0.010146,0.007552,-0.006397,0.089434,-0.000000,0.084335,-0.000000,0.000000,-0.000000,0.000000,-0.003567,-0.043174
195,141600,-0.031388,-0.000000,-0.013182,0.007562,-0.006104,0.089178,-0.000000,0.084959,-0.000000,0.000000,-0.000739,0.000196,-0.003556,-0.043334
196,142080,-0.030857,-0.000000,-0.014612,0.006298,-0.005728,0.088646,-0.000000,0.085084,-0.000000,0.000000,-0.000000,0.001134,-0.003538,-0.043513
197,142560,-0.029425,-0.000000,-0.016256,0.007386,-0.004015,0.086561,-0.000000,0.084497,-0.000000,0.000000,-0.000000,0.001897,-0.003541,-0.043602
198,143040,-0.042427,-0.000000,-0.016892,0.000000,-0.000000,0.106679,0.000000,0.107748,0.000000,0.000000,-0.000000,0.001000,-0.004868,-0.045164
199,143520,-0.042833,0.000000,-0.014864,0.000000,-0.000000,0.103085,0.000000,0.100901,0.000000,0.000000,-0.000000,0.006607,-0.004696,-0.044149
200,144000,-0.043209,0.000000,-0.014945,0.000000,-0.000000,0.101898,0.000000,0.099038,0.000000,0.000000,-0.000000,0.006101,-0.004577,-0.043919
201,144480,-0.043255,0.000000,-0.017501,0.000000,-0.000000,0.105689,0.000000,0.101554,0.000000,0.000000,-0.000000,0.003915,-0.004734,-0.044552
202,144960,-0.042786,0.000000,-0.018103,0.000000,-0.000000,0.104601,0.000000,0.101769,0.000000,0.000000,-0.000000,0.003420,-0.004715,-0.043916
203,145440,-0.045782,0.000000,-0.015618,0.000000,-0.000000,0.108246,0.000000,0.100393,0.000000,0.000000,-0.000000,0.002882,-0.004753,-0.043410
204,145920,-0.045735,0.000000,-0.013682,0.000000,-0.000000,0.107450,0.000000,0.102191,0.000000,0.000000,-0.000000,0.002889,-0.004807,-0.043370
205,146400,-0.044738,0.000000,-0.015172,0.000000,-0.000000,0.105972,0.000000,0.102490,0.000000,0.000000,-0.000000,0.000724,-0.004739,-0.044032
206,146880,-0.043852,0.000000,-0.015186,0.000000,-0.000000,0.105549,0.000000,0.104501,-0.000000,0.000000,-0.000000,0.000000,-0.004761,-0.044171
207,147360,-0.046680,-0.000000,-0.012892,0.000000,-0.000000,0.106428,0.000000,0.104773,0.000000,0.000000,-0.000000,0.000000,-0.004723,-0.045661
208,147840,-0.067105,-0.000000,-0.002311,0.000000,-0.000000,0.103281,0.000000,0.112469,0.000000,0.000000,0.000000,0.000606,-0.004844,-0.048078
209,148320,-0.066547,-0.000000,-0.003415,0.000000,-0.000000,0.103057,0.000000,0.108085,0.001896,0.000000,0.000000,0.004385,-0.004771,-0.047966
210,148800,-0.064548,-0.000000,-0.005299,0.000000,-0.000000,0.103906,0.000000,0.106262,0.002491,0.000000,0.000000,0.005767,-0.004760,-0.046627
211,149280,-0.064811,-0.000000,-0.003072,0.000000,-0.000000,0.104750,0.000000,0.105845,0.000474,0.000000,0.000000,0.005878,-0.004761,-0.046810
212,149760,-0.064585,-0.000000,-0.003177,0.000000,-0.000000,0.103731,0.000000,0.106854,0.000000,0.000000,0.000000,0.005856,-0.004766,-0.047027
213,150240,-0.064763,-0.000000,-0.003450,0.000000,-0.000000,0.105171,0.000000,0.107106,0.000000,0.000000,0.000000,0.006485,-0.004812,-0.046611
214,150720,-0.063321,-0.000000,-0.003592,0.000000,-0.000000,0.105353,0.000000,0.107656,0.000000,0.000000,0.000000,0.006572,-0.004827,-0.046474
215,151200,-0.063980,-0.000000,-0.002609,0.000000,-0.000000,0.105902,0.000190,0.107989,0.000000,0.000000,0.000000,0.007140,-0.004855,-0.046658
216,151680,-0.061119,-0.000000,-0.005071,0.000000,-0.000000,0.105997,0.001075,0.108678,0.000664,0.000000,0.000000,0.006771,-0.004849,-0.047101
217,152160,-0.057724,-0.000000,-0.006627,0.000000,-0.000000,0.105613,0.001568,0.105415,0.000450,0.000000,0.000000,0.009438,-0.004825,-0.045883
218,152640,-0.058325,-0.000000,-0.005295,0.000000,-0.000000,0.108225,0.000000,0.104630,0.000000,0.000000,0.000000,0.010593,-0.004879,-0.045970
219,153120,-0.056506,-0.000000,-0.006801,0.000000,-0.000000,0.109739,0.000000,0.103519,0.000000,0.000000,0.000000,0.010802,-0.004933,-0.045687
220,153600,-0.058298,-0.000000,-0.005915,0.000000,-0.000000,0.112006,0.000000,0.109636,0.000000,0.000000,0.000000,0.003124,-0.004976,-0.046978
221,154080,-0.058854,-0.000000,-0.003798,0.000000,-0.000000,0.111799,0.000060,0.109757,0.000000,0.000000,0.000000,0.003709,-0.004976,-0.046752
222,154560,-0.056600,-0.000000,-0.003749,0.000000,-0.000000,0.108713,0.000000,0.109824,0.000000,0.000000,0.000000,0.004602,-0.004942,-0.047101
223,155040,-0.055195,-0.000000,-0.004222,0.000000,-0.000000,0.108091,0.000000,0.108783,0.000000,0.000000,0.000000,0.004669,-0.004910,-0.046305
224,155520,-0.057117,-0.000000,-0.003022,0.000000,-0.000000,0.107816,0.000000,0.106131,0.000000,0.000000,0.000000,0.004796,-0.004834,-0.046440
225,156000,-0.056847,-0.000000,-0.002924,0.000000,-0.000000,0.110160,0.000000,0.105548,0.000000,0.000000,0.000000,0.003260,-0.004856,-0.046205
226,156480,-0.053134,-0.000000,-0.004916,0.000000,-0.000000,0.107445,0.000000,0.105733,0.000000,0.000000,0.000000,0.005011,-0.004861,-0.045843
227,156960,-0.054297,-0.000827,-0.004351,0.000000,-0.000000,0.106650,0.000000,0.105327,0.000000,0.000000,0.000000,0.004857,-0.004800,-0.047138
228,157440,-0.054472,-0.000755,-0.003706,0.000000,-0.000000,0.104161,0.000000,0.102800,0.000000,0.000000,0.000000,0.007978,-0.004664,-0.048851
229,157920,-0.054978,-0.003523,-0.002891,0.000000,-0.000000,0.104048,0.000000,0.103570,0.000000,0.000000,0.000000,0.008289,-0.004612,-0.048381
230,158400,-0.052640,-0.002094,-0.004557,0.000000,-0.000000,0.099971,0.000936,0.104093,0.000000,0.000000,0.000000,0.008227,-0.004575,-0.048420
231,158880,-0.055745,-0.003505,-0.002862,0.000000,-0.000000,0.099163,0.001752,0.103613,0.001960,0.000000,0.000000,0.008542,-0.004528,-0.047413
232,159360,-0.056883,-0.003378,-0.000607,0.000000,-0.000000,0.099980,0.000000,0.103439,0.003677,0.000000,0.000000,0.005079,-0.004425,-0.049838
233,159840,-0.057124,-0.002739,-0.001290,0.000000,-0.000000,0.099038,0.000000,0.104254,0.005432,0.000000,0.000000,0.004364,-0.004447,-0.049949
234,160320,-0.056027,-0.004006,-0.000757,0.000000,-0.000000,0.095319,0.000000,0.105698,0.004805,0.000000,0.000000,0.003630,-0.004372,-0.050635
235,160800,-0.057750,-0.000000,-0.000000,0.000000,-0.000000,0.093232,0.000000,0.104274,0.003222,0.000000,0.000000,0.003810,-0.004281,-0.051545
236,161280,-0.058079,-0.000000,-0.000000,0.000000,-0.000000,0.092999,0.000000,0.103461,0.004546,0.000000,0.000000,0.004196,-0.004237,-0.051399
237,161760,-0.055915,-0.000000,-0.000000,0.000000,-0.000000,0.095442,0.000000,0.099757,0.004487,0.000000,0.000000,0.004626,-0.004207,-0.051801
238,162240,-0.055427,-0.000000,-0.000000,0.000000,-0.000000,0.095086,0.000000,0.098398,0.005124,0.000000,0.000000,0.004252,-0.004208,-0.051815
239,162720,-0.055433,-0.000000,-0.000000,0.000000,-0.000000,0.093985,0.000000,0.098864,0.004699,0.000000,0.000000,0.002433,-0.004166,-0.052236
240,163200,-0.054100,-0.000000,-0.000197,0.000000,-0.000000,0.094210,0.001519,0.098316,0.003057,0.000000,0.000000,0.001340,-0.004146,-0.053339
241,163680,-0.058057,-0.009845,-0.000000,0.000000,-0.000000,0.096264,0.000000,0.107004,0.008997,0.000000,0.000000,0.011167,-0.004561,-0.052525
242,164160,-0.061908,-0.011422,-0.003255,0.000000,-0.000000,0.087401,0.000000,0.105100,0.017967,0.000000,0.000000,0.014739,-0.004237,-0.050525
243,164640,-0.062167,-0.010974,-0.003058,0.000000,-0.000000,0.087404,0.000000,0.105893,0.016810,0.000000,0.000000,0.013342,-0.004224,-0.050204
244,165120,-0.063187,-0.011255,-0.002984,0.000000,-0.000000,0.087704,0.000000,0.107974,0.017210,0.000000,0.000000,0.012097,-0.004305,-0.050170
245,165600,-0.063255,-0.011548,-0.004179,0.000000,-0.000000,0.091135,0.000000,0.109980,0.016435,0.000000,0.000000,0.011331,-0.004397,-0.050581
246,166080,-0.060004,-0.011874,-0.008109,0.000000,-0.000000,0.091041,0.000000,0.109832,0.016691,0.000000,0.000000,0.010448,-0.004382,-0.049640
247,166560,-0.056819,-0.011187,-0.010192,0.000000,-0.000000,0.091479,0.000000,0.109590,0.017452,0.000000,0.000000,0.009675,-0.004416,-0.048351
248,167040,-0.058403,-0.010213,-0.009261,0.000000,-0.000000,0.094115,0.000000,0.111385,0.018639,0.000000,0.000000,0.007746,-0.004528,-0.048039
249,167520,-0.055192,-0.008288,-0.010487,0.000000,-0.000000,0.092299,0.000000,0.111528,0.018158,0.000000,0.000000,0.006811,-0.004492,-0.048488
250,168000,-0.056271,-0.008387,-0.009614,0.000000,-0.000000,0.093276,0.000000,0.112080,0.018606,0.000000,0.000000,0.005485,-0.004470,-0.049147
251,168480,-0.053630,-0.008065,-0.011998,0.000000,-0.000000,0.092739,0.000000,0.112248,0.020151,0.000000,0.000000,0.004586,-0.004443,-0.048879
252,168960,-0.047547,-0.008450,-0.018719,0.000000,-0.000000,0.091778,0.000000,0.114652,0.022026,0.000000,0.000000,0.003619,-0.004465,-0.048112
253,169440,-0.046199,-0.006807,-0.018750,0.000000,-0.000000,0.087116,0.000000,0.115450,0.021633,0.000000,0.000000,0.003283,-0.004397,-0.048215
254,169920,-0.043039,-0.001528,-0.024792,0.000000,-0.000000,0.084177,0.000000,0.112952,0.023798,0.000000,0.000000,0.009883,-0.004549,-0.047628
255,170400,-0.046590,-0.001119,-0.022999,0.000000,-0.000000,0.082632,0.000000,0.111747,0.023000,0.000000,0.000000,0.013297,-0.004593,-0.047754
256,170880,-0.045412,-0.000311,-0.023247,0.000000,-0.000000,0.081001,0.000000,0.111792,0.021867,0.000000,0.000000,0.013913,-0.004601,-0.046863
257,171360,-0.046260,-0.002751,-0.021424,0.000000,-0.000000,0.081981,0.000000,0.111217,0.020674,0.000000,0.000000,0.014881,-0.004580,-0.046664
258,171840,-0.045925,-0.002066,-0.019524,0.000000,-0.000000,0.079374,0.000000,0.109210,0.016863,0.000000,0.000000,0.017630,-0.004493,-0.045307
259,172320,-0.037435,-0.007876,-0.023838,0.000000,-0.000000,0.083964,0.000000,0.105974,0.012453,0.000000,0.000000,0.025204,-0.004643,-0.043954
260,172800,-0.040451,-0.006458,-0.019149,0.000000,-0.000000,0.083032,0.000000,0.103428,0.009902,0.001308,0.000000,0.026942,-0.004694,-0.043115
261,173280,-0.044444,-0.002060,-0.015597,0.000000,-0.000000,0.087390,0.000000,0.104904,0.009017,0.000018,0.000000,0.020076,-0.004804,-0.045928
262,173760,-0.041982,-0.002902,-0.016460,0.000000,-0.000000,0.087248,0.000000,0.106114,0.007963,0.000018,0.000000,0.018758,-0.004737,-0.047493
263,174240,-0.041962,-0.001806,-0.016414,0.000000,-0.000000,0.086922,0.000000,0.105426,0.008400,0.000000,0.000000,0.023532,-0.004787,-0.048517
264,174720,-0.046185,-0.005773,-0.014306,0.000000,-0.000000,0.087767,0.000000,0.103354,0.010731,0.000000,0.000000,0.026153,-0.004716,-0.049255
265,175200,-0.048502,-0.001309,-0.010588,0.000000,-0.000000,0.075480,0.000000,0.100063,0.011137,0.000000,0.000000,0.030105,-0.004340,-0.049414
266,175680,-0.049307,-0.005206,-0.009033,0.000000,-0.000000,0.078333,0.000000,0.100138,0.010338,0.000000,0.000000,0.030290,-0.004334,-0.050300
267,176160,-0.050324,-0.004898,-0.008562,0.000000,-0.000000,0.078225,0.000000,0.099891,0.010741,0.000000,0.000000,0.031262,-0.004347,-0.050695
268,176640,-0.051245,-0.002906,-0.009523,0.000000,-0.000000,0.077190,0.000000,0.098356,0.011736,0.000000,0.000000,0.033711,-0.004387,-0.050318
269,177120,-0.051222,-0.003187,-0.008693,0.000000,-0.000000,0.078020,0.000000,0.097178,0.011032,0.000000,0.000000,0.035174,-0.004406,-0.050412
270,177600,-0.050142,-0.004651,-0.008516,0.000000,-0.000000,0.079493,0.000000,0.097439,0.010853,0.000000,0.000000,0.034092,-0.004381,-0.050883
271,178080,-0.050827,-0.002437,-0.010666,0.000000,-0.000000,0.076737,0.000000,0.095929,0.012949,0.000000,0.000000,0.034647,-0.004384,-0.050894
272,178560,-0.048592,-0.000000,-0.010784,0.000000,-0.000000,0.080305,0.000000,0.095910,0.010900,0.000000,0.000000,0.030177,-0.004418,-0.051513
273,179040,-0.045081,-0.000670,-0.011984,0.000000,-0.000000,0.082241,0.000000,0.090323,0.008829,0.000000,0.000000,0.029303,-0.004260,-0.053013
274,179520,-0.054138,-0.000000,-0.000000,-0.000000,-0.000000,0.085151,0.000000,0.088135,0.006402,0.000000,0.000000,0.029576,-0.004239,-0.055851
275,180000,-0.060772,-0.000000,-0.000000,-0.000000,-0.000000,0.082916,0.000000,0.083010,0.009251,0.000000,0.000000,0.035027,-0.004187,-0.056338
276,180480,-0.068293,-0.000000,-0.000000,-0.000000,0.000000,0.080321,0.000000,0.085958,0.014952,0.000000,0.000000,0.042135,-0.004522,-0.056954
277,180960,-0.066249,-0.000000,-0.000000,-0.000000,0.000000,0.077681,0.000000,0.089552,0.013158,0.000000,0.000000,0.042812,-0.004587,-0.055814
278,181440,-0.065958,-0.000000,-0.000000,-0.000000,0.000000,0.076961,0.000000,0.088098,0.012332,0.000000,0.000000,0.047944,-0.004611,-0.056929
279,181920,-0.065666,-0.000000,-0.000000,-0.000000,0.000000,0.073481,0.000000,0.087818,0.012929,0.000000,0.000000,0.047366,-0.004515,-0.057185
280,182400,-0.067534,-0.000000,-0.000000,-0.000000,0.000000,0.072699,0.000000,0.087306,0.014817,0.000000,0.000382,0.047493,-0.004478,-0.057507
281,182880,-0.073301,-0.000000,-0.000000,-0.000000,0.000000,0.068574,0.000000,0.089622,0.009189,0.000000,0.009324,0.042740,-0.004176,-0.057444
282,183360,-0.074576,-0.000000,-0.000000,-0.000000,0.000000,0.069167,0.000000,0.090008,0.007603,0.000000,0.013283,0.043594,-0.004223,-0.056794
283,183840,-0.071914,-0.000000,-0.000000,-0.000000,0.000000,0.070772,0.000000,0.089188,0.007600,0.000000,0.012247,0.042870,-0.004245,-0.055768
284,184320,-0.073690,-0.000000,-0.000000,-0.000000,0.000000,0.070740,0.000000,0.090064,0.004713,0.000000,0.018882,0.043215,-0.004301,-0.055243
285,184800,-0.072897,-0.000000,-0.000000,-0.000000,-0.000000,0.069186,0.000000,0.088623,0.004146,0.000000,0.018713,0.042708,-0.004234,-0.055381
286,185280,-0.077345,-0.000000,-0.000000,-0.000000,0.000000,0.060900,0.000000,0.088482,0.007107,0.000000,0.020868,0.044171,-0.004106,-0.052759
287,185760,-0.081490,-0.000000,-0.000000,-0.000000,0.000000,0.056079,0.000000,0.087825,0.007600,0.000000,0.024879,0.044043,-0.003993,-0.052233
288,186240,-0.082196,-0.000000,-0.000000,-0.000000,0.000000,0.054210,0.000000,0.086933,0.005897,0.000000,0.027458,0.047649,-0.004007,-0.051342
289,186720,-0.083232,-0.000000,-0.000000,-0.000000,0.000000,0.054118,0.000000,0.084642,0.007236,0.000000,0.027661,0.047576,-0.003933,-0.050886
290,187200,-0.084347,-0.000000,-0.000000,-0.000000,0.000000,0.061234,0.000000,0.084943,0.010399,0.000000,0.026323,0.042744,-0.004064,-0.051506
291,187680,-0.083371,-0.000000,-0.000000,-0.000000,0.000000,0.061745,0.000000,0.085086,0.009146,0.000000,0.027758,0.042609,-0.004069,-0.052239
292,188160,-0.085763,-0.000000,-0.000000,-0.000000,0.000000,0.056834,0.000000,0.088391,0.010371,0.000000,0.028058,0.042679,-0.003924,-0.052494
293,188640,-0.085190,-0.000000,-0.000000,-0.000000,0.000000,0.050752,0.000000,0.088760,0.011042,0.000000,0.026586,0.043896,-0.003811,-0.052608
294,189120,-0.085806,-0.000000,-0.000000,-0.000000,0.000000,0.047896,0.000000,0.092064,0.010312,0.000000,0.027619,0.044025,-0.003812,-0.052503
295,189600,-0.087345,-0.000000,-0.000000,-0.000000,0.000000,0.046345,0.000000,0.091551,0.013787,0.000000,0.026963,0.046104,-0.003831,-0.051571
296,190080,-0.082835,-0.000000,-0.000000,-0.000000,0.000000,0.052328,0.000000,0.091095,0.012044,-0.000000,0.024881,0.044090,-0.003953,-0.052453
297,190560,-0.082341,-0.009011,-0.000000,-0.000000,0.000000,0.076006,0.000000,0.088711,0.018966,0.000000,0.019463,0.040955,-0.004258,-0.051253
298,191040,-0.058145,-0.002094,-0.000000,-0.000000,0.000000,0.055975,0.000000,0.077794,0.009519,0.000000,0.010625,0.040702,-0.003538,-0.048929
299,191520,-0.058717,-0.000881,-0.000000,-0.000000,0.000000,0.057382,0.000000,0.087346,0.005190,0.000000,0.015727,0.031236,-0.003668,-0.048335
300,192000,-0.059021,-0.002112,-0.000000,-0.000000,0.000000,0.057157,0.000000,0.085184,0.008563,0.000000,0.012125,0.035132,-0.003652,-0.048782
301,192480,-0.058329,-0.001280,-0.000000,-0.000000,0.000000,0.056709,0.000000,0.084492,0.006931,0.000000,0.014057,0.036013,-0.003639,-0.049390
302,192960,-0.057864,-0.001206,-0.000000,-0.000000,0.000000,0.057656,0.000000,0.084074,0.008947,0.000000,0.011374,0.036293,-0.003650,-0.049834
303,193440,-0.056606,-0.000062,-0.000000,-0.000000,0.000000,0.056693,0.000000,0.084851,0.007506,0.000000,0.012079,0.035574,-0.003650,-0.050254
304,193920,-0.061243,-0.000000,-0.000000,-0.000000,0.000000,0.064784,0.000000,0.086278,0.006373,0.000000,0.015209,0.033118,-0.003861,-0.050730
305,194400,-0.062807,-0.000000,-0.000000,-0.000000,0.000000,0.064104,0.000000,0.086474,0.010517,0.000000,0.013841,0.033895,-0.003864,-0.050054
306,194880,-0.062658,-0.000000,-0.000000,0.000000,0.000000,0.064267,0.000000,0.085596,0.010650,0.000000,0.013417,0.033965,-0.003862,-0.050139
307,195360,-0.062429,-0.000000,-0.000000,0.000000,0.000000,0.065775,0.000000,0.083671,0.011411,0.000000,0.011885,0.034724,-0.003882,-0.049552
308,195840,-0.035054,-0.000000,-0.000000,0.000000,0.000000,0.067568,0.000000,0.079005,0.000000,0.000000,0.000239,0.034567,-0.003876,-0.048303
309,196320,-0.035379,-0.000000,-0.000000,0.000000,0.000000,0.068505,0.000000,0.082915,0.000000,0.000000,0.000523,0.031942,-0.004005,-0.048219
310,196800,-0.038158,-0.000000,-0.000000,0.000000,0.000000,0.087160,0.000000,0.084140,0.000000,0.000000,0.000000,0.022565,-0.004390,-0.052128
311,197280,-0.038444,-0.000000,-0.000000,0.000000,0.000000,0.090238,-0.000000,0.080795,0.000000,0.000000,0.000000,0.021315,-0.004402,-0.051566
312,197760,-0.037662,-0.000000,-0.000000,0.000000,0.000000,0.090614,-0.000000,0.079325,0.000000,0.000000,0.000000,0.022723,-0.004370,-0.051295
313,198240,-0.038610,-0.000000,-0.000000,0.000000,0.000000,0.091207,-0.000000,0.077498,0.000000,0.000000,0.000000,0.024034,-0.004375,-0.051479
314,198720,-0.035965,-0.000000,-0.000000,0.000000,-0.000000,0.086928,-0.000000,0.078900,0.000000,0.000000,0.000000,0.025924,-0.004186,-0.051572
315,199200,-0.035764,-0.000000,-0.000000,0.000000,-0.000000,0.086149,-0.000000,0.078345,0.000000,0.000000,0.000000,0.026351,-0.004171,-0.051608
316,199680,-0.036314,-0.000000,-0.000000,0.000000,0.000000,0.085485,-0.000000,0.075835,0.000000,0.000000,0.000000,0.029006,-0.004171,-0.050868
317,200160,-0.036695,-0.000000,-0.000000,0.000000,0.000000,0.086810,-0.000000,0.075308,0.000000,0.000000,0.000000,0.028438,-0.004175,-0.051296
318,200640,-0.036880,-0.000000,-0.000000,0.000000,0.000000,0.081648,0.000000,0.074007,0.000000,0.000000,0.000000,0.031484,-0.003940,-0.049644
319,201120,-0.036467,-0.000000,-0.000000,-0.000000,0.000000,0.079865,0.000000,0.073154,0.000000,0.000000,0.000000,0.032566,-0.003835,-0.049449
320,201600,-0.034587,-0.000000,-0.000000,0.000000,0.000000,0.082388,0.000000,0.068505,0.000000,0.000000,0.000000,0.035000,-0.003812,-0.048572
321,202080,-0.035408,-0.000000,-0.000000,-0.000000,0.000000,0.083825,0.000000,0.066518,0.000000,0.000000,0.000000,0.036481,-0.003825,-0.048336
322,202560,-0.036800,-0.000000,-0.000000,0.000000,0.000000,0.087969,0.000000,0.065312,0.000000,0.000000,0.000000,0.036503,-0.003875,-0.048172
323,203040,-0.036930,-0.000000,-0.000000,-0.000000,0.000000,0.087635,0.000000,0.068237,0.000000,0.000000,0.000000,0.039002,-0.004031,-0.048774
324,203520,-0.036760,-0.000000,-0.000000,-0.000000,0.000000,0.086244,0.000000,0.068911,0.000000,0.000000,0.000000,0.038632,-0.004023,-0.048862
325,204000,-0.036826,-0.000000,-0.000000,-0.000000,0.000000,0.086548,-0.000000,0.069106,0.000000,0.000000,0.000000,0.038284,-0.004102,-0.048039
326,204480,-0.037558,-0.000000,-0.000000,-0.000000,0.000000,0.088431,-0.000000,0.068761,0.000000,0.000000,0.000000,0.036457,-0.004126,-0.048227
327,204960,-0.037633,-0.000000,-0.000000,-0.000000,0.000000,0.088117,-0.000000,0.069861,0.000000,0.000000,0.000000,0.036120,-0.004123,-0.047868
328,205440,-0.036610,-0.000000,-0.000000,-0.000000,0.000000,0.083609,-0.000000,0.076350,0.000000,0.000000,0.000000,0.035777,-0.004162,-0.047285
329,205920,-0.035530,-0.000000,-0.000000,-0.000000,0.000000,0.085882,0.000000,0.075469,0.000000,0.000000,0.000000,0.036832,-0.004236,-0.047518
330,206400,-0.035793,-0.000000,-0.000000,-0.000000,0.000000,0.087870,-0.000000,0.075175,0.000000,0.000000,0.000000,0.037203,-0.004271,-0.047882
331,206880,-0.036836,-0.000000,-0.000000,-0.000000,0.000000,0.090692,-0.000000,0.075056,0.000000,0.000000,0.000000,0.038979,-0.004348,-0.047880
332,207360,-0.036304,-0.000000,-0.000000,-0.000000,0.000000,0.090881,-0.000000,0.074960,0.000000,0.000000,0.000000,0.038661,-0.004368,-0.048028
333,207840,-0.037398,-0.000000,-0.000000,-0.000000,0.000000,0.089738,-0.000000,0.076303,0.000000,0.000000,0.000000,0.039311,-0.004411,-0.047691
334,208320,-0.037547,-0.000000,-0.000000,-0.000000,0.000000,0.090029,0.000000,0.078565,0.000000,0.000000,0.000000,0.041441,-0.004487,-0.046466
335,208800,-0.036990,-0.000000,-0.000000,-0.000000,0.000000,0.083415,0.000000,0.079733,0.000000,0.000000,0.000000,0.041901,-0.004463,-0.046601
336,209280,-0.037344,-0.000000,-0.000000,-0.000000,0.000000,0.081147,0.000000,0.079788,0.000000,0.000000,0.000000,0.041340,-0.004413,-0.047134
337,209760,-0.042084,-0.000000,-0.000000,-0.000000,0.000000,0.078662,0.000000,0.082373,0.000000,0.000000,0.000000,0.043781,-0.004448,-0.046429
338,210240,-0.043611,-0.000000,-0.000000,-0.000000,0.000000,0.080857,-0.000000,0.079633,0.000000,0.000000,0.000000,0.046574,-0.004438,-0.046613
339,210720,-0.043099,-0.000000,-0.000000,-0.000000,0.000000,0.080400,-0.000000,0.080396,0.000000,0.000000,0.000000,0.050432,-0.004471,-0.045561
340,211200,-0.044183,-0.000000,-0.000000,-0.000000,0.000000,0.079647,-0.000000,0.079741,0.000000,0.000000,0.000000,0.054936,-0.004471,-0.044021
341,211680,-0.044616,0.000000,-0.000000,-0.000000,-0.000000,0.081258,-0.000000,0.066848,0.000000,0.000000,0.000000,0.053340,-0.004044,-0.044450
342,212160,-0.044063,0.000000,-0.000000,-0.000000,0.000000,0.094861,0.000000,0.071929,0.000000,0.000000,0.000259,0.050725,-0.004653,-0.046245
343,212640,-0.044206,-0.000000,-0.000000,-0.000000,0.000000,0.094830,0.000000,0.064481,0.000000,0.000000,0.001936,0.051797,-0.004430,-0.048239
344,213120,-0.044743,-0.000000,-0.000000,-0.000000,0.000000,0.095465,0.000000,0.062424,0.000000,0.000000,0.003309,0.053448,-0.004413,-0.048696
345,213600,-0.044627,-0.000000,-0.000000,-0.000000,0.000000,0.092312,0.000000,0.061003,0.000000,0.000000,0.007145,0.053894,-0.004390,-0.048190
346,214080,-0.042247,-0.000000,-0.000000,-0.000000,-0.000000,0.095171,0.000000,0.065886,0.000000,0.000000,0.006878,0.055391,-0.004731,-0.048891
347,214560,-0.046961,-0.000000,-0.000000,-0.000000,-0.000000,0.093910,0.000000,0.065836,0.000000,0.000000,0.010000,0.052092,-0.004494,-0.050117
348,215040,-0.047999,-0.000000,-0.000000,-0.000000,-0.000000,0.094555,0.000000,0.067439,0.000000,0.000000,0.012361,0.047731,-0.004472,-0.050139
349,215520,-0.048904,-0.000000,-0.000000,-0.000000,-0.000000,0.095761,0.000000,0.067992,0.000000,0.000000,0.012789,0.051196,-0.004593,-0.049073
350,216000,-0.050068,-0.000000,-0.000000,-0.000000,-0.000000,0.094180,0.000000,0.069113,0.000000,0.000000,0.015220,0.053029,-0.004652,-0.049086
351,216480,-0.051188,-0.000000,-0.000000,-0.000000,-0.000000,0.090256,0.000000,0.071942,0.000000,0.000000,0.017302,0.052865,-0.004649,-0.047176
352,216960,-0.051933,-0.000000,-0.000000,-0.000000,-0.000000,0.089830,0.000000,0.068835,0.000000,0.000000,0.018298,0.055291,-0.004571,-0.047849
353,217440,-0.054274,0.000000,-0.000000,-0.000000,-0.000000,0.090517,0.000000,0.075754,0.000000,0.000000,0.019497,0.054702,-0.004780,-0.046924
354,217920,-0.053753,0.000000,-0.000000,-0.000000,-0.000000,0.090560,0.000000,0.075083,0.000000,0.000000,0.019358,0.054858,-0.004725,-0.047560
355,218400,-0.052092,0.000000,-0.000000,-0.000000,-0.000000,0.092296,0.000000,0.074547,0.000000,0.000000,0.018389,0.054346,-0.004695,-0.047660
356,218880,-0.053728,0.000000,-0.000000,-0.000000,-0.000000,0.092818,0.000000,0.073972,0.000000,0.000000,0.020134,0.053802,-0.004636,-0.048160
357,219360,-0.057609,0.000000,-0.000000,-0.000000,-0.000000,0.094768,0.000000,0.073736,0.000000,0.000000,0.021889,0.053744,-0.004662,-0.048340
358,219840,-0.057226,0.000000,-0.000000,-0.000000,-0.000000,0.093738,0.000000,0.075671,0.000000,0.000000,0.020064,0.051549,-0.004663,-0.048542
359,220320,-0.062372,0.000000,-0.000000,-0.000000,-0.000000,0.091613,0.000000,0.081563,0.000000,0.000000,0.026237,0.047078,-0.004657,-0.048293
360,220800,-0.061469,0.000000,-0.000000,-0.000000,-0.000000,0.088540,0.000000,0.078956,0.000000,0.000000,0.026346,0.050911,-0.004569,-0.048506
361,221280,-0.060409,0.000000,-0.000000,-0.000000,-0.000000,0.084791,0.000000,0.079094,0.000000,0.000000,0.026718,0.052052,-0.004510,-0.046640
362,221760,-0.065140,0.000000,-0.000000,-0.000000,-0.000000,0.083990,0.000000,0.079291,0.000000,0.000000,0.028753,0.053308,-0.004538,-0.045871
363,222240,-0.066716,0.000000,-0.000000,-0.000000,-0.000000,0.086005,0.000000,0.082083,0.000000,0.000000,0.030705,0.048331,-0.004593,-0.046820
364,222720,-0.070588,0.000000,-0.000000,-0.000000,-0.000000,0.086052,0.000000,0.083595,0.000000,0.000000,0.032353,0.052102,-0.004719,-0.045705
365,223200,-0.070637,-0.000000,-0.000000,-0.000000,-0.000000,0.087524,0.000000,0.085288,0.000000,0.000000,0.032117,0.049508,-0.004811,-0.045269
366,223680,-0.071562,-0.000000,-0.000000,-0.000000,-0.000000,0.087361,0.000000,0.086496,0.000000,0.000000,0.032986,0.051389,-0.004854,-0.046245
367,224160,-0.070315,0.000000,-0.000000,-0.000000,-0.000000,0.085876,0.000000,0.087466,0.000000,0.000000,0.030610,0.050057,-0.004797,-0.045974
368,224640,-0.070013,0.000000,-0.000000,-0.000000,-0.000000,0.085886,0.000000,0.088251,0.000000,0.000000,0.029964,0.047163,-0.004741,-0.046300
369,225120,-0.070432,0.000000,-0.000000,-0.000000,-0.000000,0.086202,0.000000,0.088861,0.000216,0.000000,0.030029,0.046565,-0.004764,-0.046331
370,225600,-0.071404,0.000000,-0.000000,-0.000000,-0.000000,0.086580,0.000000,0.088549,0.000083,0.000000,0.031323,0.046145,-0.004737,-0.046678
371,226080,-0.067967,0.000000,-0.000000,-0.000000,-0.000000,0.083961,0.000000,0.095249,0.000000,0.000000,0.028461,0.042549,-0.004737,-0.047338
372,226560,-0.067620,0.000000,-0.000000,-0.000000,-0.000000,0.081875,0.000000,0.096885,0.000000,0.000000,0.028278,0.043394,-0.004751,-0.047001
373,227040,-0.067110,0.000000,-0.000000,-0.000000,-0.000000,0.081353,0.000000,0.099092,0.000000,0.000000,0.026348,0.042385,-0.004786,-0.046128
374,227520,-0.065779,-0.000000,-0.003797,0.000000,-0.000000,0.080499,0.000000,0.098197,0.000000,0.000000,0.025449,0.045702,-0.004856,-0.043604
375,228000,-0.055849,-0.000000,-0.005221,0.000000,-0.000000,0.085673,0.000000,0.103167,0.000000,0.000000,0.020078,0.038044,-0.004957,-0.043941
376,228480,-0.061960,-0.000000,-0.000555,0.000000,-0.000000,0.085329,0.000000,0.108602,0.000000,0.000000,0.021190,0.038044,-0.005196,-0.043789
377,228960,-0.062118,-0.000000,-0.000000,0.000000,-0.000000,0.085843,0.000000,0.104898,0.000000,0.000000,0.018213,0.038183,-0.005147,-0.043587
378,229440,-0.062716,-0.000000,-0.000000,-0.000000,-0.000000,0.087106,0.000000,0.106186,0.000000,0.000000,0.019019,0.035410,-0.005237,-0.041971
379,229920,-0.063652,-0.000000,-0.000000,-0.000000,-0.000000,0.088840,0.000000,0.105822,0.000000,0.000000,0.020172,0.035183,-0.005244,-0.042930
380,230400,-0.064460,-0.000000,-0.000278,-0.000000,-0.000000,0.088106,0.000000,0.107292,0.000000,0.000000,0.021325,0.036780,-0.005267,-0.041844
381,230880,-0.055879,-0.000000,-0.000000,-0.000000,-0.000000,0.090025,0.000000,0.110044,0.000000,0.000000,0.015539,0.033253,-0.005438,-0.042941
382,231360,-0.053285,-0.000000,-0.000000,-0.000000,-0.000000,0.089234,0.000000,0.109003,0.000000,0.000000,0.013176,0.031942,-0.005368,-0.042646
383,231840,-0.053446,-0.000000,-0.000000,-0.000000,-0.000000,0.088813,0.000000,0.108963,0.000000,0.000000,0.013222,0.031887,-0.005370,-0.043639
384,232320,-0.052911,-0.000000,-0.000000,-0.000000,-0.000000,0.087871,0.000000,0.109199,0.002820,0.000000,0.008174,0.030889,-0.005349,-0.043810
385,232800,-0.053782,-0.000000,-0.000000,-0.000000,-0.000000,0.087483,0.000000,0.110260,0.003231,0.000000,0.008509,0.030769,-0.005360,-0.044009
386,233280,-0.052366,-0.000000,-0.000000,-0.000000,-0.000000,0.089049,0.000000,0.110978,0.002842,0.000000,0.007086,0.028703,-0.005410,-0.045137
387,233760,-0.055884,0.000000,-0.000000,-0.000000,-0.000000,0.084999,0.000000,0.107920,0.005532,0.000000,0.006684,0.030939,-0.005271,-0.044949
388,234240,-0.057102,0.000000,-0.000000,-0.000000,-0.000000,0.084272,0.000000,0.105509,0.004211,0.000000,0.007604,0.032507,-0.005251,-0.044748
389,234720,-0.057022,0.000000,-0.000000,-0.000000,-0.000000,0.085140,0.000000,0.103725,0.004155,0.000000,0.008525,0.031493,-0.005202,-0.046017
390,235200,-0.055370,0.000000,-0.000000,-0.000000,-0.000000,0.083885,0.000000,0.105393,0.000848,0.000000,0.010002,0.029213,-0.005188,-0.046956
391,235680,-0.060233,0.000000,-0.000000,-0.000000,-0.000000,0.082648,0.000000,0.105667,0.001941,0.000000,0.011161,0.029502,-0.005200,-0.046194
392,236160,-0.053631,0.000000,-0.002052,-0.000000,-0.000000,0.087608,0.000000,0.103863,0.000000,0.000000,0.009968,0.030194,-0.005376,-0.046074
393,236640,-0.054976,0.000000,-0.001140,0.000000,-0.000000,0.089453,0.000000,0.103042,0.000000,0.000000,0.009178,0.032659,-0.005426,-0.045207
394,237120,-0.056028,0.000000,-0.000000,0.000000,-0.000000,0.088428,0.000000,0.099989,0.000000,0.000000,0.010088,0.032922,-0.005357,-0.044447
395,237600,-0.057254,0.000000,-0.000000,0.000000,-0.000000,0.088730,0.000000,0.098826,0.000000,0.000000,0.009565,0.031982,-0.005326,-0.044246
396,238080,-0.063401,0.001831,-0.000000,0.000000,-0.000000,0.093505,0.000000,0.109206,0.002198,0.000000,0.012768,0.022343,-0.005633,-0.044450
397,238560,-0.063275,0.015005,-0.002834,0.000000,-0.000000,0.061491,0.000000,0.117813,0.000000,0.000000,0.015270,0.025329,-0.005463,-0.044029
398,239040,-0.068195,0.012782,-0.000000,-0.000000,-0.000000,0.061650,0.000000,0.122794,0.000000,0.000000,0.013845,0.025971,-0.005469,-0.045934
399,239520,-0.066610,0.011555,-0.000000,-0.000000,-0.000000,0.061227,0.000000,0.120475,0.000000,0.000000,0.011967,0.031021,-0.005465,-0.047312
400,240000,-0.065673,0.010406,-0.000000,-0.000000,-0.000000,0.061202,0.000000,0.118729,0.000000,0.000000,0.011977,0.032502,-0.005396,-0.047072
401,240480,-0.066615,0.010205,-0.000000,-0.000000,-0.000000,0.058482,0.000000,0.118531,0.000000,0.000000,0.012755,0.034266,-0.005359,-0.046336
402,240960,-0.068375,0.010634,-0.000000,-0.000000,-0.000000,0.057534,0.000000,0.116575,0.000000,0.000000,0.013151,0.036049,-0.005316,-0.045302
403,241440,-0.068621,0.009140,-0.000000,-0.000000,-0.000000,0.057031,0.000000,0.114252,0.000000,0.000000,0.013209,0.037484,-0.005236,-0.045479
404,241920,-0.066175,0.008918,-0.000000,-0.000000,-0.000000,0.053290,0.000000,0.111961,0.000000,0.000000,0.009452,0.036538,-0.005061,-0.045456
405,242400,-0.061736,0.008664,-0.003264,-0.000000,-0.000000,0.054429,0.000000,0.112714,0.000000,0.000000,0.008033,0.037699,-0.005174,-0.045566
406,242880,-0.065677,0.012360,-0.004456,-0.000000,-0.000000,0.050546,0.000000,0.116714,0.000000,0.000000,0.012112,0.037069,-0.005329,-0.044119
