arm,root,n_bars,n_chunks_present,incomplete,qlike,qlike_none,qlike_duan,dm_t_vs_a0,oos_r2_vs_a0,mz_alpha,mz_beta,sigma2_mean,masked_col_events,calib_a_mean,calib_b_mean,calib_fallback_windows,var_fallback_windows
a0_ols_har,unification,204474,75,True,0.2269072916,0.2340604646,0.2239289697,0,0,3.089921684e-06,-1.832558193e-06,0.1383730001,0,0.00272043,1.00585,1,1
a_bucket_market_ew,unification,8289,4,True,0.2083359644,0.2136820429,0.206296699,1.91291,0.008030003768,4.388082007e-08,0.9205462837,0.1145671236,0,,,3,3
a_bucket_market_vw,unification,8291,4,True,0.2140409243,0.2245083905,0.214108361,-0.367027,0.005856916739,1.320316503e-07,0.9023571531,0.1137420235,0,,,3,3
a_bucket_sentiment,unification,8289,4,True,0.1738664187,0.1793403193,0.1733774827,-0.639757,0.00218776433,3.006377722e-08,0.9467411827,0.09343527643,108,,,3,3
a_bucket_implied_vol,unification,19342,8,True,0.2322716331,0.2400719492,0.2263401214,2.0094,0.005579721706,4.311314389e-07,0.7468503137,0.1571340116,264,,,7,7
a_bucket_vol_demand,unification,8289,4,True,0.2323658466,0.2319119878,0.226581735,3.84762,-0.006893948248,-1.305591431e-07,0.9750341592,0.1656890025,216,,,3,3
a_bucket_all_features,unification,2764,2,True,0.1992397569,0.210446268,0.2002607588,-2.36342,0.01261130665,1.588582395e-07,0.8302605854,0.1051950523,240,,,1,1
be_tunedWide_moments,unification,273554,100,False,0.2342036279,2.46966856,0.2320768054,0.0251832,0.004497200009,3.134509608e-06,-1.08688112e-06,0.1403218196,0,-0.0401189,1.05515,0,0
be_tunedWide_liquidity,unification,273554,100,False,0.2368771461,0.2456457349,0.2345161175,2.57905,-0.003363264699,3.134555693e-06,-1.372316592e-06,0.1420091557,0,-0.0409994,1.05437,0,0
be_tunedWide_market_ew,unification,273554,100,False,0.2357813485,0.2422050895,0.234258559,2.22651,-0.001848127051,3.134514904e-06,-1.154705623e-06,0.141665979,0,-0.0562338,1.07057,0,0
be_tunedWide_market_vw,unification,273554,100,False,0.2355637338,0.2441120052,0.2337696353,1.98986,-0.007763047744,3.134551583e-06,-1.415173101e-06,0.1419559049,0,-0.0509004,1.0653,0,0
be_tunedWide_sentiment,unification,273554,100,False,0.235991302,0.2422051311,0.2338744007,4.38896,-0.004703617197,3.134528352e-06,-1.17735147e-06,0.1417201919,0,-0.059257,1.0742,0,0
be_tunedWide_implied_vol,unification,273554,100,False,0.2359732791,0.2426714454,0.2336978197,3.26547,-0.003228113599,3.13452417e-06,-1.154169591e-06,0.1418516322,0,-0.0521515,1.06789,0,0
be_tunedWide_vol_demand,unification,273554,100,False,0.6269343316,0.4680246432,0.6244930868,11.425,-2.280993634e+16,8.675868775e-33,1.443797292e-19,1.248202783e+15,0,-0.0480396,1.06388,0,0
be_tunedWide_all_features,unification,273554,100,False,0.2328175495,0.2425111844,0.2297390848,-0.72086,0.02011175804,3.134568008e-06,-1.498566775e-06,0.1392379934,0,-0.02137,1.03453,0,0
b1_ridge_a30,unification,273554,100,False,0.2302548507,0.2410082859,0.2257041253,-6.0042,0.02407938692,3.134561419e-06,-1.527510533e-06,0.1383201941,0,0.0311218,0.975781,0,0
b1_ridge_a100,unification,273554,100,False,0.2298913591,0.2404562456,0.2255506614,-5.84423,0.02841222892,3.134561236e-06,-1.549114895e-06,0.137957292,0,0.0203142,0.98711,0,0
b1_ridge_a300,unification,273554,100,False,0.2298554715,0.2420378086,0.2258641384,-4.54006,0.03086889018,3.134562169e-06,-1.572042433e-06,0.1377531852,0,0.0107346,0.997346,0,0
b2_lasso_a1em6,unification,273554,100,False,0.7197617487,0.7321502879,0.719331554,11.3442,-4.244681345e+18,3.288690653e-38,2.767132408e-22,2.040162123e+17,0,0.0944659,0.910043,0,0
b2_lasso_a1em5,unification,273554,100,False,0.6963854919,0.2902290335,0.6930883627,11.2779,-3.22794843e+19,5.262461453e-40,3.500361446e-23,1.612804484e+18,0,0.0699561,0.935055,0,0
b2_lasso_a1em3,unification,273554,100,False,0.2307439297,0.2400895094,0.2279659605,-1.53205,0.03139643642,3.134575496e-06,-1.662247667e-06,0.1376239766,0,-0.0111409,1.02127,0,0
b2_lasso_a1em2,unification,273554,100,False,0.2347379116,0.2461477602,0.2335688417,1.40684,0.0004470160075,3.134568554e-06,-1.462336457e-06,0.1401948425,0,-0.0622451,1.07402,0,0
blk4_trailGShaped,unification,248686,91,False,0.2189050016,0.2255618878,0.2149586316,-12.6709,0.04048935069,3.342364166e-07,0.800484352,0.1344414196,0,-0.00113924,1.01041,0,0
blk4_trailGShapedWide,unification,248686,91,False,0.2188874735,0.2255677043,0.214941157,-12.7198,0.04054134774,3.312730711e-07,0.8013946676,0.1344486768,0,-0.00128299,1.01048,0,0
blk4_trailGShapedTrailMean,unification,248686,91,False,0.2190390186,0.2257232294,0.2150815722,-12.145,0.04083209781,3.319644973e-07,0.8014485476,0.1344514725,0,-0.000803954,1.01013,0,0
blk4_trailGShapedTrailSd,unification,248686,91,False,0.2188613884,0.2255071788,0.2148938444,-13.1012,0.04103271691,3.339267474e-07,0.7998577147,0.134413343,0,-0.000273326,1.00917,0,0
blk3_trailGShapedTrailSd,unification,248686,91,False,0.2196091829,0.2264942181,0.2157457466,-10.9477,0.04095947423,3.470479575e-07,0.7981543104,0.134776506,0,-0.00120169,1.01011,0,0
blk3_exogSpikeFrozen_tuned,unification,248686,91,False,0.2199022442,0.2269675405,0.2161804698,-11.3574,0.03791003957,3.819327911e-07,0.7901817187,0.1349777169,0,-0.00336654,1.01279,0,0
blk3_exogSpikeTrailSd_tuned,unification,248686,91,False,0.2197959496,0.2266582809,0.2159740309,-10.0772,0.04102604881,3.734126074e-07,0.7916071248,0.1347832352,0,-0.00120303,1.01072,0,0
blk3_prodSpikeFrozen_tuned,unification,248686,91,False,0.2200388055,0.2270662337,0.2162864231,-9.85178,0.03781110617,3.785489982e-07,0.7888431228,0.1349627362,0,-0.00280398,1.0117,0,0
blk2_trailGShapedTrailSd,unification,248686,91,False,0.2216565317,0.2289563281,0.2189174957,-13.2277,0.0278843964,2.698660158e-07,0.8250300634,0.1362447918,0,-0.0140263,1.02431,0,0
blk2_rotAllTrailSd_tuned,unification,248686,91,False,0.5481304801,0.9472768411,0.666769704,11.828,-4.618262207e+11,3.041503992e-06,1.5957049e-16,3.268097435e+10,0,0.0897269,0.913189,0,0
blk2_rotAllTrailSdNumRank_tuned,unification,248686,91,False,0.2203574088,0.2264999221,0.2165040389,-10.1322,0.03506530936,2.41836793e-07,0.8322662691,0.13525968,0,-0.00312717,1.01193,0,0
blk2_frExogRaw_tuned,unification,248686,91,False,0.2200410975,0.2270516899,0.2163520598,-9.68851,0.03776863304,3.748667296e-07,0.7911463555,0.1349889842,0,-0.00495098,1.014,0,0
blk2_frExogFrozen_tuned,unification,248686,91,False,0.2197285918,0.2265594563,0.2160892636,-11.7874,0.03864021181,3.810785352e-07,0.7913688442,0.1349167594,0,-0.00400021,1.01348,0,0
blk2_frExogTrailSd_tuned,unification,248686,91,False,0.2202029866,0.2266701051,0.2164252392,-11.2268,0.03367146479,2.353705137e-07,0.8342756103,0.1354010571,0,-0.0044069,1.0142,0,0
blk2_frExogTrailSdShaped_tuned,unification,248686,91,False,0.2208974911,0.2518618428,0.2172501023,-9.57723,0.03080005555,2.216484358e-07,0.8366747106,0.1356619726,0,-0.00196958,1.01219,0,0
blk2_frExogFrozenShaped_tuned,unification,248686,91,False,0.221306678,0.2296306994,0.2176575986,-7.97664,0.03157992861,3.746507084e-07,0.7918615078,0.135661392,0,0.000921378,1.00881,0,0
blk2_frProdRaw_tuned,unification,248686,91,False,0.2204267314,0.2688864752,0.217141579,-11.0968,0.0308672762,3.343295799e-07,0.8008548254,0.1355720353,0,-0.0106427,1.01962,0,0
blk2_frProdFrozen_tuned,unification,248686,91,False,0.2203634783,0.237260709,0.2171381333,-10.9832,0.03108973182,3.549167933e-07,0.795031479,0.1355442083,0,-0.00974782,1.01893,0,0
blk2_frProdTrailSd_tuned,unification,248686,91,False,0.2207337754,0.2267843449,0.2170556515,-11.7566,0.03264328712,2.766930838e-07,0.8181443978,0.1354966244,0,-0.00696692,1.01711,0,0
blk2_frAllRaw_tuned,unification,248686,91,False,0.2200506468,0.2270659755,0.216364061,-9.71508,0.03779704509,3.749240108e-07,0.7911420973,0.1349878909,0,-0.00499028,1.01406,0,0
blk2_frAllFrozen_tuned,unification,248686,91,False,0.2197307739,0.2265734791,0.2161226814,-11.9269,0.03864777124,3.812437835e-07,0.7913638367,0.1349140577,0,-0.00407311,1.01346,0,0
blk2_rotAllTrailSdWide_tuned,unification,5526,3,True,0.7550630852,1.583188617,0.7547344508,21.7249,-48.81436167,4.24708608e-06,0.0004431224066,3.01971492,0,0.933597,8.99768e-10,1,1
blk2_rotAllTrailSdShaped_tuned,unification,5526,3,True,0.3657136657,0.9642291846,0.4446963697,17.6031,-18.60367253,4.220935527e-06,0.003857181492,0.8282989365,0,0.933597,1.05448e-08,1,1
blk3_prodBbExog_tuned,unification,248686,91,False,0.2196810846,0.2925277335,0.2159365771,-12.2793,0.03790745817,3.484433899e-07,0.798873383,0.134566345,0,-0.00626806,1.01563,0,0
blk4_prodBbExogTrailSd,unification,248686,91,False,0.2190416814,0.2916895038,0.2150943858,-13.019,0.04186610939,3.361758765e-07,0.7997395896,0.1343140113,0,-0.000851788,1.00999,0,0
blk4_trailGShaped_fine,unification,248686,91,False,0.2188868822,0.2255185946,0.2149187451,-12.7674,0.0404082518,3.362482577e-07,0.7996382744,0.1344131719,0,-0.000905038,1.01005,0,0
b1_ridge_tuned_fine,unification,273554,100,False,0.230442192,0.2430566437,0.2266113151,-3.29442,0.02688658575,3.13456591e-06,-1.579273702e-06,0.1380419608,0,0.0177691,0.990507,0,0
blk2_rotVarFullK_js,unification,248686,91,False,0.2406821912,1.258197956,0.2376559236,16.7625,-0.1090675848,7.009231701e-07,0.6791921562,0.1478295901,0,0.0191925,0.987207,0,0
blk2_rotVarThirtyK_js,unification,248686,91,False,0.2364738312,0.5347648901,0.234089547,13.0671,-0.07529271422,6.697061085e-07,0.6890188343,0.1455621117,0,0.0126384,0.995178,0,0
blk2_rotVarTwentyK_js,unification,248686,91,False,0.2266954845,0.242452647,0.2238618187,2.42252,-0.006176854185,4.545791464e-07,0.7661702123,0.1393889133,0,-0.000456863,1.0097,0,0
blk2_rotPredThirtyK_js,unification,248686,91,False,0.2354047592,0.256417375,0.2330878243,13.0573,-0.06746407163,7.023518921e-07,0.6799873409,0.1447623909,0,0.00356208,1.00242,0,0
blk2_rotPredTwentyK_js,unification,248686,91,False,0.2274469593,0.2428873336,0.224134439,2.84262,-0.006887214688,5.682532058e-07,0.7266562165,0.1397429337,0,-0.00231959,1.01107,0,0
blk2_rotPredTenK_js,unification,248686,91,False,0.2253833564,0.2684723964,0.2214593733,0.0211481,0.005697213044,3.279336505e-07,0.8071013138,0.1386747562,0,0.00751565,1.00193,0,0
blk2_rotFullProd_timeaware_tuned,unification,248686,91,False,0.2200572712,0.2275059145,0.2162903618,-9.70202,0.03748094085,3.58130136e-07,0.7975092531,0.1350006949,0,-0.00370573,1.01256,0,0
blk2_rotFullProd_timeaware_wobbleEps1em2_tuned,unification,248686,91,False,0.220057613,0.227501684,0.2162906095,-9.70278,0.03748246428,3.580108477e-07,0.7975522403,0.1350007971,0,-0.00370005,1.01255,0,0
blk2_rotFullProd_wobbleBagEps1em2_tuned,unification,248686,91,False,0.2199705788,0.2269484023,0.2162887321,-10.3039,0.03778091378,3.749033676e-07,0.7911464983,0.1349836805,0,-0.00494123,1.01401,0,0
blk2_rotFullProd_wobbleEps1em1_tuned,unification,248686,91,False,0.2199705788,0.2269484023,0.2162887321,-10.3039,0.03778091378,3.749033676e-07,0.7911464983,0.1349836805,0,-0.00494123,1.01401,0,0
blk2_rotFullProd_wobbleEps1em2_tuned,unification,248686,91,False,0.2199705788,0.2269484023,0.2162887321,-10.3039,0.03778091378,3.749033676e-07,0.7911464983,0.1349836805,0,-0.00494123,1.01401,0,0
blk2_rotFullProd_wobbleEps1em3_tuned,unification,248686,91,False,0.2199705788,0.2269484023,0.2162887321,-10.3039,0.03778091378,3.749033676e-07,0.7911464983,0.1349836805,0,-0.00494123,1.01401,0,0
blk2_rotFullProd_wobbleEps3em2_tuned,unification,248686,91,False,0.2199705788,0.2269484023,0.2162887321,-10.3039,0.03778091378,3.749033676e-07,0.7911464983,0.1349836805,0,-0.00494123,1.01401,0,0
blk2_rotPredFiveK_js,unification,248686,91,False,0.2238932904,0.2390121485,0.2200882806,-4.1944,0.01474505855,3.384144168e-07,0.8051459002,0.137718776,0,0.00687936,1.00169,0,0
blk2_gated_tuned,unification,248686,91,False,0.2199705788,0.2269484023,0.2162887321,-10.3039,0.03778091378,3.749033676e-07,0.7911464983,0.1349836805,0,-0.00494123,1.01401,0,0
blk2_rotVarFullK_tuned,unification,248686,91,False,0.2221498259,0.2325614064,0.2185848256,-8.58307,0.02961411274,2.414207462e-07,0.8287177923,0.1359373731,0,0.000448342,1.00856,0,0
blk2_rotVarThirtyK_tuned,unification,248686,91,False,0.222211729,0.2314629849,0.2185578275,-7.98059,0.02968714332,2.416797051e-07,0.8291056286,0.1359559466,0,-0.000197358,1.00878,0,0
blk2_rotVarTwentyK_tuned,unification,248686,91,False,0.2218201141,0.2289187112,0.2182562586,-9.33045,0.02953544505,2.473417993e-07,0.8291353221,0.1359854662,0,-0.00158749,1.01073,0,0
blk2_rotPredThirtyK_tuned,unification,248686,91,False,0.2219912745,0.2297846974,0.2186352058,-8.75633,0.02970406664,2.320266e-07,0.8317060495,0.1359179551,0,-0.000207572,1.00955,0,0
blk2_rotPredTwentyK_tuned,unification,248686,91,False,0.2216332027,0.228105341,0.2181389647,-8.40339,0.03079431664,2.336758585e-07,0.8358727442,0.1359179835,0,-0.0023324,1.01149,0,0
blk2_rotPredTenK_tuned,unification,248686,91,False,0.2224733239,0.2282921872,0.2190036011,-8.97434,0.02390473149,2.359998862e-07,0.8346803131,0.1366034024,0,-0.00750868,1.01708,0,0
blk2_rotPredFiveK_tuned,unification,248686,91,False,0.2226973393,0.2286806271,0.2195538089,-10.5107,0.02193246608,2.341202823e-07,0.8352198641,0.1367855542,0,-0.00765297,1.01738,0,0
blk3_ew_tuned,unification,248686,91,False,0.2208709963,0.3007248089,0.2164607763,-10.3353,0.03502548026,2.94395446e-07,0.8145530537,0.1347628407,0,0.0190843,0.988889,0,0
blk3_ewFixed_H3000,unification,248686,91,False,0.2202918193,0.2365210221,0.2155201896,-11.1537,0.03603229074,2.088252594e-07,0.841513442,0.1343336295,0,0.0252346,0.982416,0,0
blk3_ewFixed_H12000,unification,248686,91,False,0.2190956851,0.2367299703,0.2150331297,-13.4637,0.04119739383,2.739480505e-07,0.8216112774,0.1342313958,0,0.00287229,1.00572,0,0
blk3_js_tuned,unification,248686,91,False,0.2463147319,0.3324628443,0.2417307644,18.9233,-0.1626754337,5.937468501e-07,0.7220227978,0.1510983484,0,0.0266482,0.984504,0,0
blk3_jsNeff_tuned,unification,0,1,True,,,,,,,,,0,,,0,0
blk3_npeb_tuned,unification,248686,91,False,0.4418477142,243990.3052,1.264140373,16.3448,-82.79087422,9.662226162e-07,0.5334565119,0.2599131194,0,0.912991,0.0564247,0,0
blk3_js_pcbasis_tuned,unification,248686,91,False,0.2862568378,68.74239179,0.285759302,22.8371,-0.4437113462,5.138307334e-07,0.7286400029,0.1727736261,0,0.107496,0.902467,0,0
blk3_jsDiag_tuned,unification,248686,91,False,0.3061387193,55.53464506,0.3105059714,23.6749,-0.6306062644,4.388032009e-07,0.7463615905,0.1833507359,0,0.17489,0.830378,0,0
blk4_trailG40_tuned,unification,248686,91,False,0.2189369292,0.2253788307,0.2149558426,-12.5736,0.04051352981,3.38366229e-07,0.7988932784,0.1343884723,0,-0.000525816,1.00951,0,0
blk2_gfull_tuned,unification,248686,91,False,0.221766549,0.2282400502,0.2181604739,-10.343,0.03153323839,2.554880868e-07,0.8282186387,0.1359327123,0,-0.00600196,1.01702,0,0
blk2_rotFullProd_tuned,unification,248686,91,False,0.2199705788,0.2269484023,0.2162887321,-10.3039,0.03778091378,3.749033676e-07,0.7911464983,0.1349836805,0,-0.00494123,1.01401,0,0
blk2_gFortyRungs_tuned,unification,248686,91,False,0.2222708649,0.2331954197,0.2189838591,-9.18966,0.02882585377,2.549072919e-07,0.8262450588,0.1360033225,0,-0.00435726,1.01409,0,0
blk2_gFortyRungsInd_tuned,unification,248686,91,False,0.2214182175,0.2289712419,0.2178815937,-9.15456,0.03232208084,2.53415073e-07,0.8248897913,0.1356752326,0,-0.00568244,1.01518,0,0
blk2_plsTwentyRungsInd_tuned,unification,248686,91,False,0.2217734166,0.2290297334,0.2181456154,-9.28539,0.03082824037,2.612075089e-07,0.8245676631,0.1359582182,0,-0.00738884,1.0164,0,0
blk2_plsTenRungsInd_tuned,unification,248686,91,False,0.2213527131,0.2271592735,0.2182556079,-12.1269,0.03018174505,3.221199076e-07,0.8073305939,0.1359099241,0,-0.0143951,1.02449,0,0
blk4_trailGShapedFrozen,unification,248686,91,False,0.2193119324,0.2257581244,0.2154843703,-11.9973,0.03731541416,3.321433343e-07,0.8016779006,0.1346242028,0,-0.00410505,1.0132,0,0
blk_pcladderWide_tuned,unification,248686,91,False,0.2222302399,0.2269152904,0.2192169904,-7.68692,0.02244009536,2.433249266e-07,0.827755136,0.1364046293,0,-0.010453,1.02056,0,0
blk3_tikhonovStepWide_tuned,unification,248686,91,False,0.2202935689,0.2259980089,0.2165325266,-9.6199,0.02974261005,2.60041661e-07,0.8211118613,0.1353021731,0,0.00253307,1.00681,0,0
blk_pcladder_tuned,unification,248686,91,False,0.2222700374,0.2268220133,0.2193595034,-7.25531,0.02215589286,2.374946128e-07,0.8304071169,0.1363996158,0,-0.0128589,1.02313,0,0
blk_pcladder_fortyK_tuned,unification,248686,91,False,0.2223657893,0.230308408,0.2193758974,-8.06254,0.02232237027,2.349192371e-07,0.8303533472,0.1364446983,0,-0.0112717,1.02154,0,0
blk_pcladder_eightyK_tuned,unification,248686,91,False,0.2223753638,0.2271215628,0.2190930625,-7.68145,0.02229797486,2.361772346e-07,0.828847683,0.1364687152,0,-0.00637404,1.01655,0,0
blk_pcladder_fullK_tuned,unification,248686,91,False,0.2224727832,0.2274473988,0.2190622568,-7.51003,0.02121594028,2.382514444e-07,0.8275455745,0.1365032291,0,-0.00371385,1.01431,0,0
blk_pcladderPerRung_tuned,unification,248686,91,False,0.2220787456,0.2269243185,0.2191129062,-8.22981,0.02193154905,2.349387893e-07,0.8300607115,0.1364245673,0,-0.0121894,1.02236,0,0
blk4_trailGZoo,unification,248686,91,False,0.2189216296,0.2256588684,0.214889604,-12.719,0.04153215287,3.359355474e-07,0.7998815384,0.1343330757,0,0.00103761,1.00808,0,0
blk3_tikhonovStep_tuned,unification,248686,91,False,0.2199334195,0.2250759455,0.2162518088,-9.58851,0.03234287083,2.856470708e-07,0.8134562215,0.1350679773,0,-0.00669127,1.0161,0,0
blk2_pcr_tuned,unification,248686,91,False,0.2228705415,0.2300412733,0.2202921164,-7.89594,0.02309296834,2.468343461e-07,0.8405550169,0.1367713141,0,-0.0140335,1.02376,0,0
blk2_pcrForty_tuned,unification,248686,91,False,0.2213358085,0.3012823775,0.2185190903,-12.9967,0.03050457911,3.549704222e-07,0.7988392844,0.1360171047,0,-0.0126022,1.0235,0,0
