estimator,bucket,qlike,mse,rmse,mae,hmse,hmae,oos_r2,mz_beta,mz_r2,n,incumbent_qlike,dm,dm_p,dm_mean_diff,dm_better,family,arm_tag,view_window,embedding_dim,neighbor_k,residualizer,masked,omega
lgbm,all_features,0.1260378879120965,4.079817157188102e-11,6.387344641702138e-06,1.22200604530879e-06,0.3864614263793979,0.3877820282779229,0.0590817736972618,0.8918254985449062,0.7230923457265159,218934,0.1341525013374754,-15.428191319669576,1.0579367045167651e-53,-0.0081146134253788,a,causal-tuned,,,,,,,
xgb,all_features,0.126406446927067,4.605273083700443e-11,6.786216238597502e-06,1.2307275768248538e-06,0.356466347317925,0.3878769366712988,-0.0621028380942656,0.8401970487949607,0.700769255366378,218934,0.1341525013374754,-16.54483454351219,1.7444335809806086e-61,-0.0077460544104083,a,causal-tuned,,,,,,,
ridge,all_features,0.1278785500577159,4.5856233397652494e-11,6.771723074495331e-06,1.2424636496272952e-06,0.3187266792896216,0.3932028014332827,-0.0575710658362349,0.8840495526726259,0.6887404703149038,218934,0.1341525013374754,-19.925446139752538,2.4485455732854103e-88,-0.0062739512797595,a,causal-tuned,,,,,,,
lgbm,moments,0.1281568997042267,4.2452807623841146e-11,6.515581909840528e-06,1.229507663995804e-06,0.3873318885694141,0.391686300151351,0.0209213081861082,0.8823271862199353,0.7133908313834305,218934,0.1341525013374754,-11.26865016452752,1.8742109879324017e-29,-0.0059956016332487,a,causal-tuned,,,,,,,
reclasticnet,all_features,0.1282717234490847,4.2602922646326225e-11,6.527091438483625e-06,1.245351497924204e-06,0.3161264127779781,0.3934568677708686,0.017459242234226,0.9048160009428456,0.7076953286261181,218934,0.1341525013374754,-19.31418749603932,4.08102898754544e-83,-0.0058807778883906,a,causal-tuned,,,,,,,
lgbm,liquidity,0.1283977869063153,4.085916439589942e-11,6.392117364058596e-06,1.235808693838944e-06,0.3495672281923463,0.3929452072242728,0.0576751111537831,0.892171037104017,0.7226593996242515,218934,0.1341525013374754,-14.693714886335496,7.072758425776798e-49,-0.00575471443116,a,causal-tuned,,,,,,,
xgb,moments,0.1286263386098659,4.151422105112335e-11,6.44315303645066e-06,1.2352536569108572e-06,0.4156234863763839,0.3922130184281735,0.0425677001494667,0.8749412451108589,0.7221214988159876,218934,0.1341525013374754,-9.02968726531276,1.721630985683252e-19,-0.0055261627276094,a,causal-tuned,,,,,,,
xgb,liquidity,0.128863255911668,3.9659791294236446e-11,6.29760202729868e-06,1.2399055689775328e-06,0.3478034244096197,0.3929556277013615,0.0853359588832974,0.8790398089781496,0.7346692714028438,218934,0.1341525013374754,-13.976210710817629,2.1777836238055946e-44,-0.0052892454258074,a,causal-tuned,,,,,,,
reclasso,all_features,0.1290679259963715,4.231989079430749e-11,6.505373993423244e-06,1.244264971272752e-06,0.3238096916215838,0.394679441986581,0.0239867364313459,0.9150598660116084,0.7078958347633708,218934,0.1341525013374754,-13.229510976643397,5.927175432585593e-40,-0.0050845753411038,a,causal-tuned,,,,,,,
lgbm,market_vw,0.129632018996459,4.377856405368926e-11,6.616537164838512e-06,1.2467527331288746e-06,0.3631040321653527,0.3950987296941514,-0.0096542872492,0.8616102095180411,0.7098342324783686,218934,0.1341525013374754,-10.843800985279865,2.1341577163250004e-27,-0.0045204823410164,a,causal-tuned,,,,,,,
lgbm,vol_demand,0.1297900558781176,4.486259128250472e-11,6.69795426100423e-06,1.253467080482416e-06,0.3701504319083022,0.3956686634700186,-0.0346549413987089,0.8607582738990037,0.7023416665254992,218934,0.1341525013374754,-10.003517654724645,1.4707778860542326e-23,-0.0043624454593578,a,causal-tuned,,,,,,,
lgbm,implied_vol,0.1300052674041862,4.482799075557391e-11,6.695370845261217e-06,1.2616699806175697e-06,0.3998321125339134,0.3951118671775038,-0.0338569579309564,0.8403068903015616,0.7099400879895598,218934,0.1341525013374754,-7.840487646812495,4.488000853395348e-15,-0.0041472339332891,a,causal-tuned,,,,,,,
xgb,market_vw,0.1301152618894695,4.4954183690678785e-11,6.7047881167624375e-06,1.2512728722807036e-06,0.3863473960392152,0.3949608483977546,-0.0367673146478408,0.8548112104683341,0.7034680803007347,218934,0.1341525013374754,-8.068116687801616,7.139080105061754e-16,-0.0040372394480058,a,causal-tuned,,,,,,,
xgb,vol_demand,0.1302622774021793,4.8104108860178405e-11,6.935712570470204e-06,1.2655748980529144e-06,0.3750304792695628,0.3958307448452762,-0.1094132663971727,0.845210777627977,0.6839743589458818,218934,0.1341525013374754,-8.56783169353511,1.0545176880094989e-17,-0.003890223935296,a,causal-tuned,,,,,,,
lgbm,sentiment,0.1303779131499464,4.6106518791336113e-11,6.790178111900756e-06,1.2537051171578442e-06,0.3775254866388341,0.3959607482777527,-0.0633433364949613,0.8674099756720968,0.6912547288789712,218934,0.1341525013374754,-8.060946193196978,7.570614956925853e-16,-0.0037745881875289,a,causal-tuned,,,,,,,
lgbm,market_ew,0.1303864192955747,4.3211363074282076e-11,6.573535051574768e-06,1.2495985655832388e-06,0.4022532155828527,0.3958614937504969,0.0034269298480092,0.8672512771821443,0.7121289256026772,218934,0.1341525013374754,-6.970527092830784,3.157557047911997e-12,-0.0037660820419006,a,causal-tuned,,,,,,,
xgb,market_ew,0.1304301859316939,4.337249873593582e-11,6.585780040051127e-06,1.2501657384723182e-06,0.3956230961286258,0.3956063782951611,-0.0002893024025003,0.8648256236708254,0.7117311771802242,218934,0.1341525013374754,-7.295908084242859,2.96651380956417e-13,-0.0037223154057814,a,causal-tuned,,,,,,,
xgb,sentiment,0.1304990980765453,4.812684525296004e-11,6.9373514580825465e-06,1.259796464677557e-06,0.3684352322405803,0.3956224890877527,-0.1099376302484063,0.8536538277647755,0.68099340266469,218934,0.1341525013374754,-8.419140704238401,3.7925569509934433e-17,-0.0036534032609301,a,causal-tuned,,,,,,,
xgb,implied_vol,0.1307747133012018,4.636274653684421e-11,6.809019498932589e-06,1.2627102078327448e-06,0.4159359968040733,0.3957613130074445,-0.0692526541566183,0.8423492520794501,0.6978115039168744,218934,0.1341525013374754,-5.742018022779395,9.355486195158028e-09,-0.0033777880362735,a,causal-tuned,,,,,,,
ridge,moments,0.1308452101885342,4.2597257581295495e-11,6.526657458553766e-06,1.2492345203351302e-06,0.3106093896848621,0.39579651425859,0.0175898942398243,0.9367186680322348,0.702950089547264,218934,0.1341525013374754,-19.20586155056143,3.3059336067792886e-82,-0.0033072911489411,a,causal-tuned,,,,,,,
spectral-kNN OLS-masked W=12 passthrough k=100,market_vw,0.1309642552906875,4.2202870131291796e-11,6.496373613893508e-06,1.248203673412962e-06,0.310129127553805,0.3975332845457853,0.02668555528631,0.928051693911087,0.7068121227501121,218934,0.1341525013374754,-17.56692417311115,4.4146791286145033e-69,-0.0031882460467879,a,spectral-kNN,mask_exog,12.0,0.0,100.0,OLS,dup,1.0
reclasticnet,moments,0.1311436458392587,4.2007479102228665e-11,6.4813176979861634e-06,1.2534214391244131e-06,0.3108333377016516,0.3959139752966475,0.0311918106751647,0.933468716691468,0.7074753575107113,218934,0.1341525013374754,-17.688129604267726,5.176534758186502e-70,-0.0030088554982167,a,causal-tuned,,,,,,,
lgbm,baseline,0.1311803877757022,4.507859167213725e-11,6.714059254440436e-06,1.2585398383485483e-06,0.3979149482010153,0.3973312172775433,-0.03963650541649,0.8701009105645303,0.6978765591275911,218934,0.1341525013374754,-5.59601248821359,2.193379092827496e-08,-0.0029721135617731,a,causal-tuned,,,,,,,
ridge,liquidity,0.1312048552795551,4.3448027541225626e-11,6.591511779647036e-06,1.2737691561079494e-06,0.3181073748474521,0.3984047932754453,-0.0020312047174837,0.898038735546302,0.7029708329531712,218934,0.1341525013374754,-13.366354738306446,9.50878641537905e-41,-0.0029476460579202,a,causal-tuned,,,,,,,
spectral-kNN OLS W=12 passthrough k=100,market_vw,0.1314528295802928,4.2219650028038814e-11,6.497664967358568e-06,1.2506551669247026e-06,0.3107780733376264,0.3981597492692413,0.0262985646424521,0.930192917818638,0.7064232874671086,218934,0.1341525013374754,-14.59773723238171,2.903222947288161e-48,-0.0026996717571826,a,spectral-kNN,best_exog,12.0,0.0,100.0,OLS,no,1.0
xgb,baseline,0.1316257761454721,4.600753017485539e-11,6.782885092263866e-06,1.261876277322143e-06,0.3812448569220999,0.3979689642373478,-0.0610603863073724,0.8553368069439085,0.6956073967161874,218934,0.1341525013374754,-5.488612966443786,4.051021565236495e-08,-0.0025267251920033,a,causal-tuned,,,,,,,
reclasso,moments,0.1317894222000569,4.224062283320898e-11,6.499278639449841e-06,1.2559639255262567e-06,0.3116254874713294,0.3965850714134172,0.0258148739798175,0.9386928988535472,0.7052536209671363,218934,0.1341525013374754,-8.882333512082965,6.547219300791905e-19,-0.0023630791374184,a,causal-tuned,,,,,,,
reclasticnet,liquidity,0.1318420686715861,4.3201340027079665e-11,6.572772628585266e-06,1.2757649821984695e-06,0.3182308418973135,0.3986821886923951,0.0036580889277544,0.9038990925467076,0.7036404872474165,218934,0.1341525013374754,-11.455632746203028,2.2034822359392377e-30,-0.0023104326658892,a,causal-tuned,,,,,,,
reclasso,liquidity,0.1320605786736404,4.335524817743664e-11,6.5844702275457695e-06,1.2782908061127043e-06,0.3159754297094452,0.3987402077175782,0.0001085429979261,0.9013302476350964,0.7030200292238294,218934,0.1341525013374754,-11.203918190885998,3.900901826794234e-29,-0.002091922663835,a,causal-tuned,,,,,,,
spectral-kNN OLS W=24 passthrough k=100,baseline,0.1321764981877564,4.324746188546447e-11,6.576280246876989e-06,1.2668469043859431e-06,0.3150059607312343,0.398104467250041,0.0025943918180044,0.9323508508987643,0.6988284667451289,218934,0.1341525013374755,-12.905583923950598,4.186300455684584e-38,-0.0019760031497191,a,spectral-kNN,fac_W24_d0_k100_ols,24.0,0.0,100.0,OLS,no,1.0
spectral-kNN OLS W=12 passthrough k=100,baseline,0.1321934467760275,4.291096437509256e-11,6.550646103636843e-06,1.2676523747897045e-06,0.3106316130284044,0.3976067981040993,0.0103549513827043,0.9310431509480788,0.7013733341126642,218934,0.1341525013374754,-14.372594878368709,7.689527083860862e-47,-0.0019590545614478,a,spectral-kNN,fac_W12_d0_k100_ols,12.0,0.0,100.0,OLS,no,1.0
ridge,implied_vol,0.1325210184233455,4.2399494148492176e-11,6.511489395560141e-06,1.2624629916422971e-06,0.3070611866990319,0.3978777402236004,0.02215086379438,0.9218599006044704,0.7063031816397038,218934,0.1341525013374754,-11.27429619044501,1.7577866174443142e-29,-0.0016314829141299,a,causal-tuned,,,,,,,
reclasticnet,implied_vol,0.132622154908568,4.202014805878205e-11,6.4822949685109245e-06,1.2643735388757906e-06,0.3089328503775009,0.3978377956199548,0.0308996296368887,0.9205071253299084,0.7091832255644032,218934,0.1341525013374754,-10.616242996721844,2.5043873914298209e-26,-0.0015303464289073,a,causal-tuned,,,,,,,
reclasso,implied_vol,0.1327434819239251,4.183421944213664e-11,6.467937804442514e-06,1.262648349341418e-06,0.3086142550925313,0.3978777386742236,0.0351876557285629,0.92379757811665,0.7100321495611084,218934,0.1341525013374754,-9.813394812831634,9.859460096468732e-23,-0.0014090194135502,a,causal-tuned,,,,,,,
ridge,market_vw,0.1329053006899238,4.248447026995009e-11,6.518011220452914e-06,1.266573139600024e-06,0.3118911565246312,0.3991728356546228,0.0201910803433144,0.9280124177533284,0.7048500192862472,218934,0.1341525013374754,-9.10711100213486,8.460481387053801e-20,-0.0012472006475515,a,causal-tuned,,,,,,,
reclasticnet,market_vw,0.1331566497426658,4.22607638927538e-11,6.500827939020829e-06,1.2659896582694594e-06,0.3130053644610004,0.3992230091773904,0.0253503656625911,0.9343049323505748,0.7056364323530091,218934,0.1341525013374754,-7.33154415342243,2.2751583923770174e-13,-0.0009958515948096,a,causal-tuned,,,,,,,
ridge,market_ew,0.1331943316688981,4.221012928600876e-11,6.496932298093367e-06,1.2638317565731729e-06,0.3111003281681963,0.3993339325585756,0.026518139181165,0.9363618855191704,0.7057531752160586,218934,0.1341525013374754,-7.222899100190387,5.08907749802897e-13,-0.0009581696685772,a,causal-tuned,,,,,,,
reclasso,market_vw,0.1332137329925705,4.2306986662569046e-11,6.504382112281615e-06,1.2671461318948385e-06,0.3132422167307752,0.3991924203224617,0.0242843412572404,0.9288478045658946,0.706018026449454,218934,0.1341525013374754,-6.449129258045155,1.124945900766518e-10,-0.0009387683449049,a,causal-tuned,,,,,,,
ridge,vol_demand,0.1333704613860468,4.294983379632539e-11,6.553612270826326e-06,1.2777514913327575e-06,0.3180295714522048,0.3994600304664598,0.0094585154524693,0.9256106462893566,0.7018552781342495,218934,0.1341525013374754,-4.09344313164274,4.250143517803486e-05,-0.0007820399514286,a,causal-tuned,,,,,,,
reclasticnet,market_ew,0.1334448130076536,4.214352622390503e-11,6.491804542952987e-06,1.266204255154745e-06,0.3127084278013288,0.3993128690255118,0.0280541892698501,0.9365198578932764,0.7062077625229491,218934,0.1341525013374754,-5.434038855810376,5.509257592573256e-08,-0.0007076883298217,a,causal-tuned,,,,,,,
ridge,sentiment,0.1334732921683958,4.275739050696285e-11,6.538913557079865e-06,1.275528094331746e-06,0.3083581340656872,0.3994525599643336,0.0138967878434719,0.9342673207760184,0.7021135714182328,218934,0.1341525013374754,-5.685566892291299,1.3037943783195776e-08,-0.0006792091690796,a,causal-tuned,,,,,,,
reclasso,market_ew,0.1335275569386667,4.2203885344128397e-11,6.496451750311735e-06,1.2684175795569103e-06,0.3118561416994688,0.3994766073668659,0.0266621416815969,0.934087066870698,0.7060478558585841,218934,0.1341525013374754,-4.609830769653605,4.029968795884779e-06,-0.0006249443988087,a,causal-tuned,,,,,,,
reclasso,vol_demand,0.1335927577240014,4.2605776626191266e-11,6.527310060521966e-06,1.2757369802241112e-06,0.3182288147965892,0.3993387427236666,0.0173934215964607,0.9307806354950536,0.7036026511808733,218934,0.1341525013374754,-3.348224600521152,0.0008133106946403,-0.0005597436134739,a,causal-tuned,,,,,,,
reclasticnet,vol_demand,0.1336114570481622,4.268392851964218e-11,6.5332938491730325e-06,1.2755055160220148e-06,0.3180267499859087,0.3993564096040226,0.0155910236424626,0.9329383104244664,0.7027593685755196,218934,0.1341525013374754,-3.4310100697546813,0.0006013382780981,-0.0005410442893131,a,causal-tuned,,,,,,,
spectral-kNN OLS W=12 spectral d=6 k=100,baseline,0.1336395173296233,4.3372042209774726e-11,6.58574537996837e-06,1.278734240906569e-06,0.3135629368806515,0.3995855691138992,-0.0002787736515725,0.9214094268374492,0.6993957767072039,218934,0.1341525013374755,-4.611740887208854,3.99310558367067e-06,-0.0005129840078521,a,spectral-kNN,fac_W12_d6_k100_ols,12.0,6.0,100.0,OLS,no,1.0
reclasticnet,sentiment,0.133774284654749,4.2472535630748145e-11,6.517095643823877e-06,1.2757347713890087e-06,0.3109295604953103,0.3995609225298849,0.0204663260005776,0.9406747829701406,0.7033959746108369,218934,0.1341525013374754,-3.545632851884252,0.000391671499613,-0.0003782166827263,a,causal-tuned,,,,,,,
reclasso,sentiment,0.1339017614781326,4.243947558613386e-11,6.514558740707913e-06,1.2769101399090316e-06,0.3098093228503749,0.3995413748268387,0.0212287817024257,0.9394727668134256,0.7037811776165208,218934,0.1341525013374754,-2.0982555964613945,0.0358825727352228,-0.0002507398593428,a,causal-tuned,,,,,,,
spectral-kNN OLS W=24 passthrough k=25,baseline,0.1339657827865059,4.372397095217464e-11,6.612410373848151e-06,1.2755689531704485e-06,0.3219526715877129,0.400869585453052,-0.0083952199364374,0.92469278214746,0.696434714247385,218934,0.1341525013374754,-0.8808279953245038,0.378410924774674,-0.0001867185509694,a,spectral-kNN,fac_W24_d0_k25_ols,24.0,0.0,25.0,OLS,no,1.0
spectral-kNN OLS W=24 spectral d=6 k=100,baseline,0.133991563902122,4.373755402014362e-11,6.613437383096904e-06,1.2742988784859256e-06,0.31515266392716,0.4006769221264338,-0.0087084829021333,0.9296009062866794,0.695707897590137,218934,0.1341525013374754,-1.606280560184122,0.1082122796571559,-0.0001609374353534,a,spectral-kNN,fac_W24_d6_k100_ols,24.0,6.0,100.0,OLS,no,1.0
spectral-kNN OLS W=12 passthrough k=25,baseline,0.1340534392676872,4.2301733327617306e-11,6.503978269306971e-06,1.2747144826683665e-06,0.315540959514395,0.400717306277403,0.0244054976330181,0.9291718936416278,0.7059188253441506,218934,0.1341525013374755,-0.5197324696668586,0.6032500526984668,-9.906206978826064e-05,a,spectral-kNN,fac_W12_d0_k25_ols,12.0,0.0,25.0,OLS,no,1.0
ridge,baseline,0.1344504812722778,4.301068720449248e-11,6.558253365378047e-06,1.2824798760309138e-06,0.3107710492873601,0.4002106403712728,0.0080550682225812,0.9336485361968656,0.7003854232718278,218934,0.1341525013374754,5.036257228352163,4.747225257542513e-07,0.0002979799348024,b,causal-tuned,,,,,,,
reclasticnet,baseline,0.1347092240510059,4.26569944171725e-11,6.53123222808472e-06,1.2808762448711477e-06,0.3128339615593697,0.4002868431271326,0.016212198242861,0.9376934062430938,0.7024070921132538,218934,0.1341525013374754,7.508739348750458,5.969945561752211e-14,0.0005567227135304,b,causal-tuned,,,,,,,
reclasso,baseline,0.1347463185508008,4.2616889545358476e-11,6.528161268332644e-06,1.2809993719469443e-06,0.3121930637335516,0.4002353299114961,0.0171371270668533,0.9371197262131846,0.7027704034544162,218934,0.1341525013374754,7.011338798022092,2.3604835644503397e-12,0.0005938172133254,b,causal-tuned,,,,,,,
spectral-kNN OLS W=12 spectral d=6 k=25,baseline,0.13675742564423,4.4252585929868166e-11,6.652261715376821e-06,1.2949171360662128e-06,0.3297350416155534,0.4045294253922552,-0.0205865375383169,0.9136146021433568,0.6943283283238912,218934,0.1341525013374755,13.157445984788389,1.5421102318514812e-39,0.0026049243067544,b,spectral-kNN,fac_W12_d6_k25_ols,12.0,6.0,25.0,OLS,no,1.0
spectral-kNN OLS W=24 spectral d=6 k=25,baseline,0.1370069609942358,4.3966657397932766e-11,6.630735811200199e-06,1.2861627943566928e-06,0.3256673867403699,0.4059781591433714,-0.0139922379226133,0.9244234717476418,0.6947603926074101,218934,0.1341525013374754,15.66380878105507,2.6739268115753167e-55,0.0028544596567603,b,spectral-kNN,fac_W24_d6_k25_ols,24.0,6.0,25.0,OLS,no,1.0
spectral-kNN identity W=12 passthrough k=25,baseline,0.1417266322970673,4.3772928087508295e-11,6.616111251143552e-06,1.297764540517269e-06,0.3481212475620698,0.4160857786105501,-0.0095243063432235,0.9465785149998636,0.6935991331990563,218934,0.1341525013374754,19.123331849141373,1.6145648846061643e-81,0.0075741309595918,b,spectral-kNN,fac_W12_d0_k25_id,12.0,0.0,25.0,identity,no,1.0
spectral-kNN identity W=12 passthrough k=100,baseline,0.1423612200393151,4.390552106905117e-11,6.626124136254253e-06,1.2971309492681172e-06,0.3485895797001291,0.4175465610111613,-0.0125822657616649,0.9711154127261932,0.6910048266285702,218934,0.1341525013374754,18.27979363397463,1.1987879537690813e-74,0.0082087187018397,b,spectral-kNN,fac_W12_d0_k100_id,12.0,0.0,100.0,identity,no,1.0
spectral-kNN identity W=24 passthrough k=25,baseline,0.1447493982147623,4.553838099368986e-11,6.748213170439258e-06,1.3148656520049816e-06,0.3550832263573453,0.4232053429241465,-0.050240513788418,0.957569441162492,0.6803487927410847,218934,0.1341525013374754,21.17438931485519,1.6450009309022194e-99,0.0105968968772869,b,spectral-kNN,fac_W24_d0_k25_id,24.0,0.0,25.0,identity,no,1.0
spectral-kNN identity W=24 passthrough k=100,baseline,0.1453858083051143,4.5430210778413155e-11,6.74019367514118e-06,1.3099450364716189e-06,0.3586730800853616,0.42495810022533,-0.0477458106393393,0.9825846783451893,0.6800162708393267,218934,0.1341525013374754,20.78951590115313,5.38513600646658e-96,0.0112333069676389,b,spectral-kNN,fac_W24_d0_k100_id,24.0,0.0,100.0,identity,no,1.0
spectral-kNN identity W=12 passthrough k=25,implied_vol,0.1493821201020338,5.3099876637790085e-11,7.2869662163200735e-06,1.3882117613265243e-06,0.3521755956026514,0.4280066721747823,-0.2246294335738845,0.8327971513368272,0.652833831295802,218934,0.1341525013374754,28.34720642470265,9.060687233655047e-177,0.0152296187645583,b,spectral-kNN,best_exog_id,12.0,0.0,25.0,identity,no,1.0
spectral-kNN identity W=12 passthrough k=25,sentiment,0.1521366762828638,4.387126358995175e-11,6.6235386003217154e-06,1.3328246019510492e-06,0.3747111356379516,0.4340630465889273,-0.0117921939219269,0.9468390837036644,0.6929305782597883,218934,0.1341525013374754,31.39691313281748,2.2295285255043272e-216,0.0179841749453883,b,spectral-kNN,best_exog_id,12.0,0.0,25.0,identity,no,1.0
spectral-kNN identity W=12 passthrough k=25,market_vw,0.1577321287317309,5.085119670616596e-11,7.131002503587133e-06,1.394760568983817e-06,0.3895729205068464,0.4452444742692272,-0.1727686797394023,0.8713278302247779,0.6563313987829618,218934,0.1341525013374754,37.9265495560488,9.39884625e-315,0.0235796273942554,b,spectral-kNN,best_exog_id,12.0,0.0,25.0,identity,no,1.0
spectral-kNN identity W=12 spectral d=6 k=25,baseline,0.1599251634418195,5.0985083336191516e-11,7.140383976803455e-06,1.4129946887549364e-06,0.3801096465790903,0.4392819775011347,-0.1758564742555695,0.8681195079975824,0.6561138556566992,218934,0.1341525013374754,45.70682144988551,0.0,0.0257726621043441,b,spectral-kNN,fac_W12_d6_k25_id,12.0,6.0,25.0,identity,no,1.0
spectral-kNN identity W=12 spectral d=6 k=100,baseline,0.1621324259972657,4.970634352960802e-11,7.050272585482637e-06,1.4269701405689562e-06,0.3686214136393649,0.4381038477810228,-0.1463652116730449,0.8870206003642302,0.6607384475110506,218934,0.1341525013374754,41.22482133748838,0.0,0.0279799246597902,b,spectral-kNN,fac_W12_d6_k100_id,12.0,6.0,100.0,identity,no,1.0
spectral-kNN identity W=12 passthrough k=25,vol_demand,0.164896350543744,4.4518028866239096e-11,6.672183215877626e-06,1.388059172167472e-06,0.4082105337332116,0.4483792410372214,-0.0267083828870675,0.9419191800696236,0.688791627251472,218934,0.1341525013374754,28.37796112432348,3.783239166254479e-177,0.0307438492062685,b,spectral-kNN,best_exog_id,12.0,0.0,25.0,identity,no,1.0
spectral-kNN identity W=24 spectral d=6 k=25,baseline,0.1687224131208283,5.270488038251624e-11,7.259812696104235e-06,1.4609596599609463e-06,0.4036379984282731,0.4539555735670635,-0.2155197318007629,0.895200399836785,0.6378913306579194,218934,0.1341525013374754,47.08069875566592,0.0,0.0345699117833529,b,spectral-kNN,fac_W24_d6_k25_id,24.0,6.0,25.0,identity,no,1.0
spectral-kNN identity W=24 spectral d=6 k=100,baseline,0.1687420159361628,5.1609445051450304e-11,7.183971398290106e-06,1.4586877112143757e-06,0.3926829821185034,0.4508717990128206,-0.1902559753865838,0.9093882955532064,0.6432455365739453,218934,0.1341525013374754,40.90796171206446,0.0,0.0345895145986874,b,spectral-kNN,fac_W24_d6_k100_id,24.0,6.0,100.0,identity,no,1.0
spectral-kNN identity W=12 passthrough k=25,all_features,0.1740859487613289,5.4209101328641136e-11,7.362683025137042e-06,1.4770256019807636e-06,0.450506958184747,0.4741956265232235,-0.2502112106113012,0.8520479167316906,0.6376857906735047,218934,0.1341525013374754,37.78672693106135,1.87711221582e-312,0.0399334474238534,b,spectral-kNN,best_exog_id,12.0,0.0,25.0,identity,no,1.0
spectral-kNN identity W=960 spectral d=8 k=25,moments,0.2462740765340623,1.3069866816606334e-10,1.1432351821303585e-05,2.0471868875235926e-06,0.6619223209786852,0.5425529200957818,-2.014271333563852,0.531748923038397,0.3649836518485745,218934,0.1341525013374754,51.16133627210564,0.0,0.1121215751965868,b,spectral-kNN,spectral_knn_fixed,960.0,8.0,25.0,identity,no,1.0
spectral-kNN identity W=960 spectral d=8 k=25,market_vw,0.256721793254101,1.9899272578460363e-10,1.410647814958091e-05,2.104619504321128e-06,0.7087908001572654,0.5565629966558034,-3.589320437130654,0.3844600266344855,0.255270341859764,218934,0.1341525013374754,52.05816233044342,0.0,0.1225692919166256,b,spectral-kNN,spectral_knn_fixed,960.0,8.0,25.0,identity,no,1.0
spectral-kNN identity W=960 spectral d=8 k=25,vol_demand,0.2568917454444778,1.1275038470690947e-10,1.0618398405923063e-05,2.071737049650624e-06,0.7073443986265806,0.5536048457049043,-1.6003344734815368,0.5915073507215916,0.398511467184487,218934,0.1341525013374754,50.00845071951195,0.0,0.1227392441070023,b,spectral-kNN,spectral_knn_fixed,960.0,8.0,25.0,identity,no,1.0
spectral-kNN identity W=960 spectral d=8 k=25,market_ew,0.2577580697621237,2.2271865138839132e-10,1.4923761301642137e-05,2.149494465092439e-06,0.7036474219913905,0.5565827140675412,-4.1365056411825,0.3501000924225379,0.2320536261534791,218934,0.1341525013374754,52.37560935648022,0.0,0.1236055684246482,b,spectral-kNN,spectral_knn_fixed,960.0,8.0,25.0,identity,no,1.0
spectral-kNN identity W=960 spectral d=8 k=25,implied_vol,0.2590612682322417,1.226999797101931e-10,1.107700228898564e-05,2.0872633690813896e-06,0.749999952996959,0.556655851435743,-1.8297995431703828,0.5560058544646072,0.3839978540011506,218934,0.1341525013374754,45.99427863231582,0.0,0.1249087668947662,b,spectral-kNN,spectral_knn_fixed,960.0,8.0,25.0,identity,no,1.0
spectral-kNN identity W=960 spectral d=8 k=25,baseline,0.25911197749138,1.1048110018661739e-10,1.0510999009923718e-05,2.048158161556735e-06,0.7237052295296801,0.5585139325600064,-1.547998521071306,0.6013737449634493,0.3999577547740486,218934,0.1341525013374755,50.78524504394749,0.0,0.1249594761539045,b,spectral-kNN,spectral_knn_fixed,960.0,8.0,25.0,identity,no,1.0
spectral-kNN identity W=960 spectral d=8 k=25,sentiment,0.2592508424366141,9.900496402470451e-11,9.950123819566494e-06,2.033439483227169e-06,0.7119743254979096,0.5581717056041698,-1.2833272069843495,0.6494339647122747,0.4288594197621668,218934,0.1341525013374754,51.44387331167572,0.0,0.1250983410991386,b,spectral-kNN,spectral_knn_fixed,960.0,8.0,25.0,identity,no,1.0
spectral-kNN identity W=960 spectral d=8 k=25,liquidity,0.2607157780604617,1.0370983306122712e-10,1.0183802485379768e-05,2.044524368351953e-06,0.7851482524943345,0.5638720246067742,-1.3918344478304423,0.6344050614485764,0.4074160338316599,218934,0.1341525013374754,50.74313076232688,0.0,0.1265632767229864,b,spectral-kNN,spectral_knn_fixed,960.0,8.0,25.0,identity,no,1.0
spectral-kNN identity W=960 spectral d=8 k=25,all_features,0.2635315339483596,1.2537925350714832e-10,1.1197287774597397e-05,2.0892395912658053e-06,0.8650318233165655,0.5669050976196048,-1.8915909777294029,0.547846510563485,0.3746298031249123,218934,0.1341525013374754,43.34572333621166,0.0,0.1293790326108841,b,spectral-kNN,spectral_knn_fixed,960.0,8.0,25.0,identity,no,1.0
ols_har b2 cap240,baseline,0.1333299808628544,4.303199830725215e-11,6.559877918624108e-06,1.27369899604732e-06,0.3150184603955249,0.3983883981573543,0.0075635754856102,0.9398894056213838,0.6995414703173318,218934,0.1341525013374754,-10.510992926930983,7.687980544354653e-26,-0.000822520474621,a,har-ladder,b2_c240,,,,,,
ols_har b2 cap3125,baseline,0.1333231529068406,4.349135404309455e-11,6.594797498262896e-06,1.277561568710203e-06,0.3150961527775202,0.3984387811326461,-0.0030304332054214,0.9329059971911752,0.697086197188407,218934,0.1341525013374754,-10.58037048948591,3.675021490114088e-26,-0.0008293484306348,a,har-ladder,b2_c3125,,,,,,
ols_har b2 cap960,baseline,0.1333391306578418,4.3218913924018175e-11,6.574109363557787e-06,1.2757504744127683e-06,0.3147903952000004,0.398474867634198,0.0032527864521909,0.937697129295942,0.698454066964647,218934,0.1341525013374754,-10.688988296592171,1.146143594661375e-26,-0.0008133706796336,a,har-ladder,b2_c960,,,,,,
ols_har b3 cap240,baseline,0.1335887375800025,4.251343571259192e-11,6.520232795889416e-06,1.273094481976589e-06,0.3140123497262544,0.3986916056379976,0.0195230574426604,0.9432150953511692,0.7028696970425572,218934,0.1341525013374754,-8.013662852842803,1.1134166568735045e-15,-0.0005637637574728,a,har-ladder,b3_c240,,,,,,
ols_har b3 cap3125,baseline,0.1334905277630146,4.3012509678771385e-11,6.558392309001604e-06,1.2786083647967547e-06,0.3121993303173706,0.3986816405916051,0.008013036945203,0.9320622093312372,0.7005690112776006,218934,0.1341525013374754,-10.188236707862549,2.237862761208829e-24,-0.0006619735744607,a,har-ladder,b3_c3125,,,,,,
ols_har b3 cap960,baseline,0.1335046976001887,4.272382243280444e-11,6.536346260167406e-06,1.2755274334552495e-06,0.3126819835518248,0.398708543898074,0.0146709601061157,0.9383979105315324,0.7018776720327244,218934,0.1341525013374754,-9.82186587159827,9.06499130644752e-23,-0.0006478037372866,a,har-ladder,b3_c960,,,,,,
ols_har b4 cap240,baseline,0.1337773294472818,4.3019310045370675e-11,6.558910736194744e-06,1.2735899299165004e-06,0.3153947265579157,0.3989541148935294,0.0078562017579282,0.944687152498442,0.6991481066215146,218934,0.1341525013374754,-5.321491389632867,1.0291998326562981e-07,-0.0003751718901935,a,har-ladder,b4_c240,,,,,,
ols_har b4 cap3125,baseline,0.1336142364622122,4.3243683474347e-11,6.575992964894883e-06,1.275929282681063e-06,0.3129534563168008,0.3989523881699195,0.0026815323870251,0.937556693974045,0.6982991528816342,218934,0.1341525013374754,-8.472242333772472,2.4071370490339162e-17,-0.0005382648752631,a,har-ladder,b4_c3125,,,,,,
ols_har b4 cap960,baseline,0.1336799254024807,4.313318412929385e-11,6.567585867675721e-06,1.275798313274917e-06,0.3129108974169071,0.399026778707936,0.0052299516849769,0.9401868427430234,0.6987958543646671,218934,0.1341525013374754,-7.297068153891385,2.94105839700069e-13,-0.0004725759349947,a,har-ladder,b4_c960,,,,,,
ols_har b5 cap240,baseline,0.1342170062720828,4.288150767851443e-11,6.548397336640045e-06,1.2770278999438883e-06,0.3129629931193284,0.399893044252481,0.011034303952392,0.9423479417283176,0.7003681746315388,218934,0.1341525013374754,1.94525829618489,0.051743898702557,6.450493460737228e-05,b,har-ladder,b5_c240,,,,,,
ols_har b5 cap3125,baseline,0.1341525013374754,4.335995459689853e-11,6.584827605708332e-06,1.2827132324387717e-06,0.3116530385368382,0.3998300503247947,0.0,0.9295203480421144,0.69843434572333,218934,0.1341525013374754,0.0,1.0,0.0,tie,har-ladder,b5_c3125,,,,,,
ols_har b5 cap960,baseline,0.1341995704368965,4.298352509046258e-11,6.556182203879219e-06,1.2780053808448166e-06,0.3126726452806188,0.399904184352008,0.0086815013976714,0.9407134912430902,0.6998097586544737,218934,0.1341525013374754,2.0916648330787484,0.036468508455096,4.706909942107015e-05,b,har-ladder,b5_c960,,,,,,
ols_har b6 cap240,baseline,0.134433555902976,4.3110254584722115e-11,6.565839975564598e-06,1.2803472019831103e-06,0.313462225961168,0.4002590786084952,0.0057587701485799,0.9424210440785488,0.6987504197979515,218934,0.1341525013374754,4.695964983237396,2.6535099993498547e-06,0.0002810545655005,b,har-ladder,b6_c240,,,,,,
ols_har b6 cap3125,baseline,0.1343273938618567,4.325148861769093e-11,6.5765863955163646e-06,1.2802290456871257e-06,0.3131254801492493,0.4001467684021897,0.0025015242800866,0.9401922193664972,0.6979786267735641,218934,0.1341525013374754,3.117301127441418,0.0018251504093766,0.0001748925243813,b,har-ladder,b6_c3125,,,,,,
ols_har b6 cap960,baseline,0.1344335559029759,4.3110254584722115e-11,6.565839975564598e-06,1.2803472019831103e-06,0.313462225961168,0.4002590786084952,0.0057587701485799,0.9424210440785488,0.6987504197979515,218934,0.1341525013374754,4.69596498323746,2.6535099993490238e-06,0.0002810545655005,b,har-ladder,b6_c960,,,,,,
ols_har b8 cap240,baseline,0.1347923927101692,4.273121565396199e-11,6.536911782635741e-06,1.2784718099715902e-06,0.316775868479384,0.4006727132318468,0.0145004520595488,0.9476058178103198,0.7009403667931271,218934,0.1341525013374754,7.243402246911993,4.3756665642089414e-13,0.0006398913726938,b,har-ladder,b8_c240,,,,,,
ols_har b8 cap3125,baseline,0.1347606331819158,4.290513080276512e-11,6.550200821559986e-06,1.281240062401454e-06,0.314867365841083,0.4007421970826094,0.0104894896307349,0.9419603190938012,0.7002510223158589,218934,0.1341525013374754,7.305143749696953,2.7697047427952533e-13,0.0006081318444404,b,har-ladder,b8_c3125,,,,,,
ols_har b8 cap960,baseline,0.1347606331819158,4.290513080276512e-11,6.550200821559986e-06,1.281240062401454e-06,0.314867365841083,0.4007421970826094,0.0104894896307372,0.9419603190938012,0.7002510223158589,218934,0.1341525013374754,7.305143749696796,2.769704742798488e-13,0.0006081318444404,b,har-ladder,b8_c960,,,,,,
ols_har explicit cap240,baseline,0.1344727432440882,4.268441869761346e-11,6.5333313629122975e-06,1.27902650193449e-06,0.3147191228125173,0.4003374995773663,0.015579718788114,0.9441795642775628,0.7016095497161132,218934,0.1341525013374754,3.8950782725284943,9.81670240974137e-05,0.0003202419066128,b,har-ladder,explicit_c240,,,,,,
ols_har explicit cap3125,baseline,0.1343949143954174,4.280026080227481e-11,6.542190825883544e-06,1.2791550119731855e-06,0.3143452426000771,0.4002445972391898,0.0129080807354845,0.9418257847456072,0.7010257017779,218934,0.1341525013374754,3.0953719877503727,0.0019656620236946,0.000242413057942,b,har-ladder,explicit_c3125,,,,,,
ols_har explicit cap960,baseline,0.1343949143954174,4.280026080227478e-11,6.542190825883542e-06,1.2791550119731855e-06,0.3143452426000771,0.4002445972391898,0.0129080807354922,0.9418257847456074,0.7010257017779002,218934,0.1341525013374754,3.095371987750389,0.0019656620236945,0.000242413057942,b,har-ladder,explicit_c960,,,,,,
